State,Number.of.Vouchers.NUMERIC.x,Number.of.Vouchers.x,Percent.of.Vouchers.x,Annual.Cost.of.Vouchers.x,Number.of.Vouchers.Going.to.Rental.Households.with.Children.x,Percent.of.Vouchers.Going.to.Rental.Households.with.Children.x,Cost.of.Vouchers.Going.to.Rental.Households.with.Children.x,Number.of.Vouchers.Going.to.Rental.Households.with.Seniors.x,Percent.of.Vouchers.Going.to.Rental.Households.with.Seniors.x,Cost.of.Vouchers.Going.to.Rental.Households.with.Seniors.x,Number.of.Vouchers.Going.to.Rental.Households.with.Black.Householders.x,Percent.of.Vouchers.Going.to.Rental.Households.with.Black.Householders.x,Cost.of.Vouchers.Going.to.Rental.Households.with.Black.Householders.x,Number.of.Vouchers.Going.to.Rental.Households.with.Hispanic.Householders.x,Percent.of.Vouchers.Going.to.Rental.Households.with.Hispanic.Householders.x,Cost.of.Vouchers.Going.to.Rental.Households.with.Hispanic.Householders.x,Number.of.Vouchers.Going.to.Rental.Households.with.Householders.of.Color.x,Percent.of.Vouchers.Going.to.Rental.Households.with.Householders.of.Color.x,Cost.of.Vouchers.Going.to.Rental.Households.with.Householders.of.Color.x,Number.of.Vouchers.Going.to.Rental.Households.in.Poverty.x,Percent.of.Vouchers.Going.to.Rental.Households.in.Poverty.x,Cost.of.Vouchers.Going.to.Rental.Households.in.Poverty.x,Number.of.Vouchers.Going.to.Rental.Households.with.Food.Stamps.x,Percent.of.Vouchers.Going.to.Rental.Households.with.Food.Stamps.x,Cost.of.Vouchers.Going.to.Rental.Households.with.Food.Stamps.x,Number.of.Vouchers.if.Only.Renters.Participate.x,Total.Annual.Cost.of.Vouchers.x,Total.Monthly.Cost.of.Vouchers.if.Only.Renters.Participate.x,Total.Annual.Cost.of.Vouchers.if.Only.Renters.Participate.x,Actual.Number.of.Vouchers.Available.2020.x,Estimated.Monthly.Expenditure.x,Estimated.Annual.Expenditure.x,AMI.x,Number.of.Vouchers.NUMERIC.y,Number.of.Vouchers.y,Percent.of.Vouchers.y,Annual.Cost.of.Vouchers.y,Number.of.Vouchers.Going.to.Rental.Households.with.Children.y,Percent.of.Vouchers.Going.to.Rental.Households.with.Children.y,Cost.of.Vouchers.Going.to.Rental.Households.with.Children.y,Number.of.Vouchers.Going.to.Rental.Households.with.Seniors.y,Percent.of.Vouchers.Going.to.Rental.Households.with.Seniors.y,Cost.of.Vouchers.Going.to.Rental.Households.with.Seniors.y,Number.of.Vouchers.Going.to.Rental.Households.with.Black.Householders.y,Percent.of.Vouchers.Going.to.Rental.Households.with.Black.Householders.y,Cost.of.Vouchers.Going.to.Rental.Households.with.Black.Householders.y,Number.of.Vouchers.Going.to.Rental.Households.with.Hispanic.Householders.y,Percent.of.Vouchers.Going.to.Rental.Households.with.Hispanic.Householders.y,Cost.of.Vouchers.Going.to.Rental.Households.with.Hispanic.Householders.y,Number.of.Vouchers.Going.to.Rental.Households.with.Householders.of.Color.y,Percent.of.Vouchers.Going.to.Rental.Households.with.Householders.of.Color.y,Cost.of.Vouchers.Going.to.Rental.Households.with.Householders.of.Color.y,Number.of.Vouchers.Going.to.Rental.Households.in.Poverty.y,Percent.of.Vouchers.Going.to.Rental.Households.in.Poverty.y,Cost.of.Vouchers.Going.to.Rental.Households.in.Poverty.y,Number.of.Vouchers.Going.to.Rental.Households.with.Food.Stamps.y,Percent.of.Vouchers.Going.to.Rental.Households.with.Food.Stamps.y,Cost.of.Vouchers.Going.to.Rental.Households.with.Food.Stamps.y,Number.of.Vouchers.if.Only.Renters.Participate.y,Total.Annual.Cost.of.Vouchers.y,Total.Monthly.Cost.of.Vouchers.if.Only.Renters.Participate.y,Total.Annual.Cost.of.Vouchers.if.Only.Renters.Participate.y,Actual.Number.of.Vouchers.Available.2020.y,Estimated.Monthly.Expenditure.y,Estimated.Annual.Expenditure.y,AMI.y,Voucher_Gap,Eligible_HH,Actual_Vouchers_Avail
Alabama,60685,"60,685",1.50%,"$287,618,176 ","19,361",31.90%,"$101,514,744 ","19,146",31.50%,"$69,849,296 ","30,447",50.20%,"$138,475,472 ","1,340",2.20%,"$7,670,612 ","33,932",55.90%,"$158,471,216 ","57,715",95.10%,"$276,812,096 ","32,218",53.10%,"$131,621,688 ","155,144","$1,463,770,464 ","$72,907,440 ","$874,889,280 ","38,828","$22,403,756 ","$268,845,072 ",30,94214,"94,214",1.50%,"$397,953,280 ","26,400",28.00%,"$127,961,992 ","34,167",36.30%,"$114,326,480 ","43,989",46.70%,"$183,133,920 ","2,311",2.50%,"$10,792,244 ","49,552",2.50%,"$210,083,568 ","63,150",67.00%,"$295,980,544 ","41,821",44.40%,"$163,325,360 ","234,746","$2,193,077,184 ","$98,698,008 ","$1,184,376,096 ","38,828","$22,403,756 ","$268,845,072 ",50,116316,155144,38828
Alaska,6470,"6,470",0.20%,"$42,308,864 ","1,965",30.40%,"$15,738,563 ","2,360",36.50%,"$12,743,235 ",331,5.10%,"$2,673,749 ",290,4.50%,"$2,141,217 ","2,917",45.10%,"$16,768,616 ","3,894",60.20%,"$28,265,320 ","2,761",42.70%,"$14,612,584 ","15,866","$225,390,000 ","$10,473,593 ","$125,683,116 ","4,858","$2,866,220 ","$34,394,640 ",30,11149,"11,149",0.20%,"$69,682,424 ","3,453",31.00%,"$26,385,098 ","3,666",32.90%,"$18,481,904 ",457,4.10%,"$3,701,800 ",566,5.10%,"$4,916,949 ","4,567",5.10%,"$27,006,496 ","4,470",40.10%,"$30,949,056 ","3,758",33.70%,"$19,606,472 ","28,043","$379,116,432 ","$17,458,378 ","$209,500,536 ","4,858","$2,866,220 ","$34,394,640 ",50,11008,15866,4858
Arizona,77774,"77,774",2.00%,"$547,131,648 ","26,161",33.60%,"$178,547,840 ","26,702",34.30%,"$171,199,744 ","6,712",8.60%,"$47,714,620 ","23,234",29.90%,"$134,819,312 ","38,114",49.00%,"$234,753,856 ","70,535",90.70%,"$509,260,960 ","32,653",42.00%,"$182,040,016 ","182,368","$2,360,150,784 ","$117,256,728 ","$1,407,080,736 ","24,822","$19,510,092 ","$234,121,104 ",30,127066,"127,066",2.00%,"$795,361,344 ","38,861",30.60%,"$241,669,392 ","47,233",37.20%,"$277,348,000 ","10,577",8.30%,"$67,826,048 ","35,901",28.30%,"$186,634,592 ","58,620",28.30%,"$324,471,584 ","77,637",61.10%,"$544,308,288 ","44,639",35.10%,"$231,800,896 ","296,187","$3,575,436,672 ","$166,979,136 ","$2,003,749,632 ","24,822","$19,510,092 ","$234,121,104 ",50,157546,182368,24822
Arkansas,35313,"35,313",0.90%,"$163,280,608 ","10,624",30.10%,"$55,854,496 ","11,924",33.80%,"$47,967,008 ","11,387",32.20%,"$52,350,796 ","1,353",3.80%,"$7,015,638 ","14,102",39.90%,"$66,085,744 ","33,728",95.50%,"$157,025,696 ","16,712",47.30%,"$66,264,312 ","91,689","$749,240,544 ","$40,288,088 ","$483,457,056 ","26,507","$11,742,601 ","$140,911,212 ",30,61356,"61,356",1.00%,"$247,577,856 ","18,159",29.60%,"$82,685,576 ","22,304",36.40%,"$81,327,288 ","17,960",29.30%,"$73,753,128 ","2,582",4.20%,"$11,511,971 ","23,112",4.20%,"$95,776,472 ","40,493",66.00%,"$180,501,696 ","23,984",39.10%,"$88,877,072 ","157,724","$1,241,866,560 ","$60,094,404 ","$721,132,848 ","26,507","$11,742,601 ","$140,911,212 ",50,65182,91689,26507
California,513259,"513,259",13.00%,"$4,911,226,368 ","155,696",30.30%,"$1,567,642,368 ","223,737",43.60%,"$1,713,717,248 ","59,437",11.60%,"$517,372,320 ","153,067",29.80%,"$1,280,804,352 ","302,107",58.90%,"$2,713,595,904 ","374,600",73.00%,"$3,781,797,120 ","143,356",27.90%,"$1,187,838,464 ","1,422,510","$22,165,604,352 ","$1,237,879,168 ","$14,854,550,016 ","349,944","$424,482,072 ","$5,093,784,864 ",30,826629,"826,629",12.80%,"$7,288,191,488 ","266,860",32.30%,"$2,409,944,320 ","337,039",40.80%,"$2,526,095,360 ","88,573",10.70%,"$725,089,920 ","263,258",31.80%,"$2,010,325,248 ","480,820",31.80%,"$3,978,780,928 ","417,210",50.50%,"$4,132,916,224 ","196,864",23.80%,"$1,535,903,872 ","2,333,070","$35,124,827,136 ","$1,839,348,608 ","$22,072,183,296 ","349,944","$424,482,072 ","$5,093,784,864 ",50,1072566,1422510,349944
Colorado,57353,"57,353",1.50%,"$466,404,320 ","13,731",23.90%,"$121,127,872 ","23,065",40.20%,"$155,405,456 ","4,984",8.70%,"$37,856,424 ","9,909",17.30%,"$68,132,984 ","19,265",33.60%,"$141,580,656 ","42,099",73.40%,"$363,274,816 ","20,745",36.20%,"$125,096,488 ","151,317","$2,195,992,320 ","$112,633,432 ","$1,351,601,184 ","35,561","$34,636,414 ","$415,636,968 ",30,101032,"101,032",1.60%,"$744,040,000 ","26,122",25.90%,"$199,556,464 ","37,453",37.10%,"$252,057,504 ","7,620",7.50%,"$53,728,640 ","18,058",17.90%,"$114,521,456 ","32,417",17.90%,"$219,732,336 ","48,162",47.70%,"$406,813,536 ","28,264",28.00%,"$163,939,168 ","273,855","$3,747,019,776 ","$179,263,680 ","$2,151,164,160 ","35,561","$34,636,414 ","$415,636,968 ",50,115756,151317,35561
Connecticut,56732,"56,732",1.40%,"$393,043,008 ","13,153",23.20%,"$118,333,008 ","26,983",47.60%,"$143,442,352 ","11,217",19.80%,"$75,834,904 ",800,1.40%,"$6,873,159 ","15,256",26.90%,"$109,947,272 ","36,285",64.00%,"$281,948,736 ","31,198",55.00%,"$188,471,792 ","140,852","$1,869,070,272 ","$92,721,976 ","$1,112,663,712 ","43,986","$43,634,112 ","$523,609,344 ",30,89746,"89,746",1.40%,"$578,914,496 ","22,449",25.00%,"$176,237,632 ","40,704",45.40%,"$217,182,800 ","17,057",19.00%,"$108,718,888 ","1,572",1.80%,"$11,316,043 ","23,430",1.80%,"$156,229,840 ","39,629",44.20%,"$302,700,576 ","39,298",43.80%,"$232,408,400 ","227,510","$3,101,140,032 ","$136,778,128 ","$1,641,337,536 ","43,986","$43,634,112 ","$523,609,344 ",50,96866,140852,43986
Delaware,6900,"6,900",0.20%,"$50,146,908 ","1,989",28.80%,"$14,492,279 ","2,604",37.70%,"$14,054,040 ","2,826",41.00%,"$18,389,482 ",349,5.10%,"$2,527,612 ","3,552",51.50%,"$23,855,942 ","5,805",84.10%,"$45,198,308 ","3,289",47.70%,"$17,794,566 ","24,979","$376,877,544 ","$17,643,314 ","$211,719,768 ","5,549","$4,256,083 ","$51,072,996 ",30,11289,"11,289",0.20%,"$71,953,824 ","3,281",29.10%,"$21,431,006 ","4,297",38.10%,"$20,978,342 ","4,444",39.40%,"$25,614,118 ",509,4.50%,"$3,443,910 ","5,583",4.50%,"$33,096,034 ","6,359",56.30%,"$48,508,380 ","4,508",39.90%,"$23,314,048 ","40,812","$575,465,616 ","$24,936,302 ","$299,235,624 ","5,549","$4,256,083 ","$51,072,996 ",50,19430,24979,5549
District of Columbia,18852,"18,852",0.50%,"$161,626,192 ","3,846",20.40%,"$32,699,172 ","8,554",45.40%,"$50,739,272 ","14,203",75.30%,"$102,269,728 ",244,1.30%,"$2,607,751 ","15,511",82.30%,"$117,778,536 ","12,506",66.30%,"$120,069,680 ","8,769",46.50%,"$58,180,388 ","48,003","$589,944,528 ","$39,007,388 ","$468,088,656 ","16,163","$21,286,671 ","$255,440,052 ",30,26765,"26,765",0.40%,"$216,181,664 ","5,683",21.20%,"$46,165,396 ","11,422",42.70%,"$69,282,600 ","19,550",73.00%,"$133,324,520 ",392,1.50%,"$3,783,678 ","21,428",1.50%,"$153,066,240 ","13,243",49.50%,"$127,004,344 ","10,405",38.90%,"$68,345,536 ","69,950","$821,331,840 ","$52,041,940 ","$624,503,280 ","16,163","$21,286,671 ","$255,440,052 ",50,31840,48003,16163
Florida,204691,"204,691",5.20%,"$1,687,370,240 ","59,003",28.80%,"$540,247,424 ","89,988",44.00%,"$633,694,784 ","54,996",26.90%,"$408,976,096 ","6,562",3.20%,"$47,208,260 ","68,451",33.40%,"$521,851,328 ","177,799",86.90%,"$1,488,661,376 ","105,586",51.60%,"$692,438,528 ","555,892","$8,608,925,952 ","$422,977,600 ","$5,075,731,200 ","116,459","$111,101,886 ","$1,333,222,632 ",30,345523,"345,523",5.30%,"$2,575,587,840 ","98,651",28.60%,"$795,444,032 ","148,340",42.90%,"$992,904,000 ","87,144",25.20%,"$581,842,240 ","11,516",3.30%,"$72,742,824 ","109,959",3.30%,"$748,460,864 ","196,531",56.90%,"$1,607,240,960 ","149,266",43.20%,"$927,227,904 ","952,005","$13,765,767,168 ","$640,072,640 ","$7,680,871,680 ","116,459","$111,101,886 ","$1,333,222,632 ",50,439433,555892,116459
Georgia,109381,"109,381",2.80%,"$672,585,664 ","35,645",32.60%,"$237,606,608 ","38,345",35.10%,"$185,119,552 ","57,722",52.80%,"$337,796,384 ","4,842",4.40%,"$31,187,444 ","67,517",61.70%,"$411,025,600 ","96,382",88.10%,"$609,763,072 ","55,343",50.60%,"$277,948,608 ","309,105","$3,509,748,864 ","$182,070,656 ","$2,184,847,872 ","67,839","$51,218,445 ","$614,621,340 ",30,185442,"185,442",2.90%,"$1,020,267,712 ","61,422",33.10%,"$360,000,160 ","65,386",35.30%,"$301,580,128 ","93,405",50.40%,"$495,848,544 ","9,041",4.90%,"$51,910,476 ","110,535",4.90%,"$606,430,528 ","109,018",58.80%,"$669,775,936 ","77,489",41.80%,"$369,144,352 ","532,695","$5,688,488,832 ","$274,079,360 ","$3,288,952,320 ","67,839","$51,218,445 ","$614,621,340 ",50,241266,309105,67839
Hawaii,16916,"16,916",0.40%,"$151,918,144 ","4,109",24.30%,"$53,179,000 ","8,801",52.00%,"$55,958,220 ",329,1.90%,"$4,294,246 ",549,3.20%,"$7,969,101 ","11,739",69.40%,"$96,381,416 ","10,762",63.60%,"$102,109,376 ","7,435",44.00%,"$47,779,888 ","40,832","$700,961,952 ","$36,393,444 ","$436,721,328 ","13,717","$16,789,608 ","$201,475,296 ",30,28818,"28,818",0.50%,"$264,582,304 ","8,045",27.90%,"$100,717,888 ","13,258",46.00%,"$87,342,840 ",721,2.50%,"$9,613,182 ","1,047",3.60%,"$14,416,937 ","19,273",3.60%,"$157,167,264 ","11,962",41.50%,"$112,719,704 ","9,658",33.50%,"$64,143,932 ","73,018","$1,261,571,712 ","$64,741,152 ","$776,893,824 ","13,717","$16,789,608 ","$201,475,296 ",50,27115,40832,13717
Idaho,15204,"15,204",0.40%,"$87,041,536 ","3,787",24.90%,"$23,109,536 ","5,383",35.40%,"$30,526,368 ",137,0.90%,"$1,263,202 ","1,646",10.80%,"$9,154,308 ","2,596",17.10%,"$15,381,628 ","13,758",90.50%,"$81,732,152 ","6,883",45.30%,"$30,359,122 ","40,567","$457,528,272 ","$20,871,492 ","$250,457,904 ","7,625","$4,498,750 ","$53,985,000 ",30,27227,"27,227",0.40%,"$133,948,112 ","7,036",25.80%,"$34,747,940 ","9,510",34.90%,"$49,575,928 ",167,0.60%,"$1,331,768 ","3,034",11.10%,"$14,013,863 ","4,494",11.10%,"$21,622,258 ","16,108",59.20%,"$90,291,560 ","9,886",36.30%,"$41,069,180 ","72,396","$776,211,312 ","$31,819,618 ","$381,835,416 ","7,625","$4,498,750 ","$53,985,000 ",50,32942,40567,7625
Illinois,157524,"157,524",4.00%,"$1,075,478,272 ","41,989",26.70%,"$306,905,664 ","62,758",39.80%,"$340,879,232 ","57,278",36.40%,"$368,858,528 ","14,608",9.30%,"$99,403,728 ","83,546",53.00%,"$569,088,896 ","135,694",86.10%,"$973,726,080 ","84,015",53.30%,"$467,709,824 ","399,826","$4,762,768,896 ","$246,779,536 ","$2,961,354,432 ","111,768","$95,896,944 ","$1,150,763,328 ",30,255043,"255,043",3.90%,"$1,579,023,488 ","65,668",25.70%,"$429,864,768 ","108,420",42.50%,"$577,752,128 ","84,735",33.20%,"$507,353,952 ","26,896",10.50%,"$153,920,512 ","128,136",10.50%,"$790,071,872 ","146,131",57.30%,"$1,030,878,528 ","113,905",44.70%,"$604,784,128 ","640,165","$7,450,285,056 ","$353,500,448 ","$4,242,005,376 ","111,768","$95,896,944 ","$1,150,763,328 ",50,288058,399826,111768
Indiana,76652,"76,652",1.90%,"$433,930,240 ","21,966",28.70%,"$132,818,392 ","25,304",33.00%,"$115,420,992 ","19,488",25.40%,"$114,796,528 ","3,519",4.60%,"$20,156,012 ","26,774",34.90%,"$164,397,904 ","65,037",84.80%,"$386,370,112 ","34,609",45.20%,"$160,020,176 ","199,254","$1,916,421,312 ","$104,073,928 ","$1,248,887,136 ","43,050","$16,272,900 ","$195,274,800 ",30,132461,"132,461",2.10%,"$651,132,800 ","36,020",27.20%,"$191,457,648 ","48,787",36.80%,"$208,469,632 ","30,183",22.80%,"$158,536,032 ","5,983",4.50%,"$29,476,100 ","42,079",4.50%,"$226,524,128 ","73,037",55.10%,"$419,880,416 ","46,245",34.90%,"$202,429,248 ","340,049","$3,144,484,032 ","$151,934,880 ","$1,823,218,560 ","43,050","$16,272,900 ","$195,274,800 ",50,156204,199254,43050
Iowa,35939,"35,939",0.90%,"$195,013,664 ","7,495",20.90%,"$42,414,580 ","14,146",39.40%,"$64,924,856 ","3,755",10.40%,"$19,430,638 ","1,592",4.40%,"$9,254,602 ","7,251",20.20%,"$42,088,776 ","27,246",75.80%,"$161,202,208 ","14,650",40.80%,"$64,632,916 ","95,565","$902,914,176 ","$47,497,836 ","$569,974,032 ","23,603","$10,361,717 ","$124,340,604 ",30,61568,"61,568",1.00%,"$307,113,728 ","13,564",22.00%,"$69,085,296 ","25,163",40.90%,"$115,427,208 ","5,566",9.00%,"$27,140,728 ","2,834",4.60%,"$13,991,887 ","11,492",4.60%,"$60,504,156 ","31,451",51.10%,"$181,622,016 ","20,461",33.20%,"$86,910,104 ","162,579","$1,588,966,272 ","$72,613,592 ","$871,363,104 ","23,603","$10,361,717 ","$124,340,604 ",50,71962,95565,23603
Kansas,33122,"33,122",0.80%,"$173,558,304 ","7,602",23.00%,"$45,544,384 ","12,236",36.90%,"$56,098,548 ","4,807",14.50%,"$26,494,966 ","2,577",7.80%,"$11,809,757 ","9,817",29.60%,"$52,707,156 ","27,100",81.80%,"$149,936,544 ","12,515",37.80%,"$54,646,460 ","86,368","$791,244,720 ","$42,123,236 ","$505,478,832 ","13,749","$7,163,229 ","$85,958,748 ",30,58277,"58,277",0.90%,"$282,953,984 ","14,017",24.10%,"$74,635,744 ","22,535",38.70%,"$106,199,520 ","7,506",12.90%,"$35,958,292 ","4,649",8.00%,"$20,186,294 ","15,910",8.00%,"$75,803,512 ","30,686",52.70%,"$166,603,248 ","16,289",28.00%,"$68,780,088 ","152,167","$1,361,996,832 ","$66,381,144 ","$796,573,728 ","13,749","$7,163,229 ","$85,958,748 ",50,72619,86368,13749
Kentucky,54229,"54,229",1.40%,"$239,342,576 ","16,402",30.20%,"$86,743,616 ","18,396",33.90%,"$62,371,592 ","10,284",19.00%,"$49,271,972 ",740,1.40%,"$4,415,634 ","12,875",23.70%,"$64,532,652 ","51,082",94.20%,"$228,772,688 ","30,364",56.00%,"$114,603,912 ","137,666","$1,192,242,048 ","$60,491,448 ","$725,897,376 ","38,255","$19,548,305 ","$234,579,660 ",30,88310,"88,310",1.40%,"$351,014,176 ","25,654",29.10%,"$119,770,552 ","32,099",36.30%,"$102,971,656 ","15,104",17.10%,"$66,809,032 ","1,406",1.60%,"$6,745,362 ","19,495",1.60%,"$88,150,104 ","59,090",66.90%,"$259,639,936 ","40,467",45.80%,"$147,412,992 ","223,316","$1,915,566,336 ","$87,142,912 ","$1,045,714,944 ","38,255","$19,548,305 ","$234,579,660 ",50,99411,137666,38255
Louisiana,63239,"63,239",1.60%,"$338,973,152 ","21,008",33.20%,"$122,585,936 ","20,499",32.40%,"$82,167,944 ","37,611",59.50%,"$187,920,960 ","1,350",2.10%,"$7,883,465 ","40,772",64.50%,"$207,371,456 ","60,457",95.60%,"$327,612,672 ","32,671",51.70%,"$149,953,584 ","162,877","$1,594,921,920 ","$86,920,896 ","$1,043,050,752 ","57,575","$40,072,200 ","$480,866,400 ",30,96707,"96,707",1.50%,"$467,188,256 ","29,010",30.00%,"$154,236,640 ","34,591",35.80%,"$132,398,624 ","54,084",55.90%,"$246,409,200 ","2,059",2.10%,"$10,607,001 ","58,820",2.10%,"$272,294,656 ","66,758",69.00%,"$351,566,656 ","42,537",44.00%,"$184,254,448 ","245,283","$2,329,118,592 ","$117,029,504 ","$1,404,354,048 ","57,575","$40,072,200 ","$480,866,400 ",50,105302,162877,57575
Maine,15274,"15,274",0.40%,"$67,807,048 ","2,500",16.40%,"$13,427,346 ","7,328",48.00%,"$23,820,930 ",383,2.50%,"$1,926,285 ",96,0.60%,"$706,124 ","1,270",8.30%,"$6,361,552 ","12,762",83.60%,"$59,867,736 ","9,454",61.90%,"$35,814,728 ","37,091","$367,279,224 ","$16,156,982 ","$193,883,784 ","13,716","$9,834,372 ","$118,012,464 ",30,26707,"26,707",0.40%,"$108,247,344 ","4,276",16.00%,"$21,119,558 ","13,612",51.00%,"$44,213,760 ",527,2.00%,"$2,420,099 ",138,0.50%,"$809,553 ","1,966",0.50%,"$8,697,359 ","14,024",52.50%,"$64,806,972 ","13,827",51.80%,"$51,092,796 ","63,770","$655,949,472 ","$25,003,052 ","$300,036,624 ","13,716","$9,834,372 ","$118,012,464 ",50,23375,37091,13716
Maryland,63521,"63,521",1.60%,"$536,832,352 ","16,433",25.90%,"$174,897,216 ","28,788",45.30%,"$197,703,792 ","30,282",47.70%,"$241,591,040 ",786,1.20%,"$9,424,529 ","35,924",56.60%,"$297,152,352 ","41,373",65.10%,"$376,047,616 ","29,301",46.10%,"$200,344,960 ","181,290","$2,768,792,064 ","$139,983,104 ","$1,679,797,248 ","56,694","$61,853,154 ","$742,237,848 ",30,105242,"105,242",1.60%,"$804,438,080 ","30,604",29.10%,"$272,167,008 ","44,243",42.00%,"$291,769,216 ","48,892",46.50%,"$351,863,488 ","1,431",1.40%,"$13,356,035 ","57,915",1.40%,"$430,793,056 ","46,054",43.80%,"$407,884,256 ","38,486",36.60%,"$254,236,992 ","307,328","$4,599,612,672 ","$209,973,104 ","$2,519,677,248 ","56,694","$61,853,154 ","$742,237,848 ",50,124596,181290,56694
Massachusetts,100856,"100,856",2.60%,"$728,898,752 ","19,866",19.70%,"$175,744,480 ","52,853",52.40%,"$282,598,272 ","11,170",11.10%,"$81,339,872 ",537,0.50%,"$5,947,224 ","21,698",21.50%,"$183,682,336 ","64,705",64.20%,"$519,943,360 ","52,274",51.80%,"$273,763,680 ","294,948","$3,691,497,600 ","$204,994,464 ","$2,459,933,568 ","95,439","$97,538,658 ","$1,170,463,896 ",30,151716,"151,716",2.40%,"$1,051,785,088 ","33,026",21.80%,"$263,842,832 ","75,347",49.70%,"$415,293,568 ","16,682",11.00%,"$117,036,912 ",985,0.60%,"$9,128,938 ","31,329",0.60%,"$249,650,368 ","69,801",46.00%,"$557,500,736 ","64,622",42.60%,"$340,406,240 ","451,979","$5,923,799,808 ","$294,724,768 ","$3,536,697,216 ","95,439","$97,538,658 ","$1,170,463,896 ",50,199509,294948,95439
Michigan,137817,"137,817",3.50%,"$803,528,640 ","36,220",26.30%,"$236,577,296 ","52,088",37.80%,"$253,298,832 ","53,469",38.80%,"$300,132,736 ","3,779",2.70%,"$21,785,118 ","65,618",47.60%,"$378,799,840 ","118,241",85.80%,"$718,793,792 ","76,782",55.70%,"$378,260,352 ","300,276","$3,287,117,568 ","$160,447,248 ","$1,925,366,976 ","63,273","$37,647,435 ","$451,769,220 ",30,224460,"224,460",3.50%,"$1,186,306,560 ","55,539",24.70%,"$321,978,656 ","89,700",40.00%,"$430,055,488 ","77,466",34.50%,"$395,331,872 ","6,599",2.90%,"$34,494,636 ","96,957",2.90%,"$507,544,736 ","130,667",58.20%,"$777,636,864 ","101,968",45.40%,"$475,020,288 ","490,308","$5,279,685,888 ","$231,623,952 ","$2,779,487,424 ","63,273","$37,647,435 ","$451,769,220 ",50,237003,300276,63273
Minnesota,63480,"63,480",1.60%,"$379,768,800 ","12,367",19.50%,"$78,422,768 ","29,719",46.80%,"$170,784,160 ","11,246",17.70%,"$59,883,640 ","2,410",3.80%,"$13,777,648 ","19,490",30.70%,"$110,449,896 ","40,357",63.60%,"$253,998,480 ","25,650",40.40%,"$113,481,496 ","171,713","$1,819,716,672 ","$91,136,512 ","$1,093,638,144 ","36,652","$28,625,212 ","$343,502,544 ",30,105146,"105,146",1.60%,"$599,353,472 ","22,770",21.70%,"$137,960,784 ","46,817",44.50%,"$270,525,696 ","16,459",15.70%,"$86,415,232 ","4,154",4.00%,"$22,970,748 ","29,585",4.00%,"$162,346,320 ","45,291",43.10%,"$282,557,696 ","32,054",30.50%,"$147,311,664 ","290,365","$3,304,505,472 ","$144,301,792 ","$1,731,621,504 ","36,652","$28,625,212 ","$343,502,544 ",50,135061,171713,36652
Mississippi,34357,"34,357",0.90%,"$163,126,224 ","12,226",35.60%,"$65,809,976 ","10,101",29.40%,"$31,394,618 ","22,597",65.80%,"$99,945,056 ",431,1.30%,"$1,939,207 ","23,963",69.70%,"$106,663,608 ","33,480",97.40%,"$160,245,984 ","18,673",54.30%,"$79,904,192 ","87,878","$836,549,376 ","$42,618,424 ","$511,421,088 ","27,619","$15,632,354 ","$187,588,248 ",30,56734,"56,734",0.90%,"$234,684,208 ","18,663",32.90%,"$88,218,296 ","19,459",34.30%,"$58,485,896 ","35,089",61.80%,"$138,201,856 ",790,1.40%,"$2,817,669 ","37,189",1.40%,"$147,000,784 ","40,633",71.60%,"$185,326,112 ","25,631",45.20%,"$101,180,912 ","141,825","$1,305,122,400 ","$59,505,000 ","$714,060,000 ","27,619","$15,632,354 ","$187,588,248 ",50,60259,87878,27619
Missouri,64389,"64,389",1.60%,"$340,205,408 ","16,834",26.10%,"$98,253,824 ","23,229",36.10%,"$99,163,168 ","15,681",24.40%,"$89,310,480 ","1,596",2.50%,"$8,718,479 ","20,915",32.50%,"$121,300,496 ","55,917",86.80%,"$308,421,632 ","31,124",48.30%,"$137,806,496 ","183,669","$1,756,075,584 ","$92,483,064 ","$1,109,796,768 ","46,449","$25,825,644 ","$309,907,728 ",30,111418,"111,418",1.70%,"$520,128,064 ","28,030",25.20%,"$142,343,968 ","43,568",39.10%,"$179,830,304 ","24,908",22.40%,"$125,929,248 ","3,126",2.80%,"$14,125,495 ","33,338",2.80%,"$169,050,976 ","62,461",56.10%,"$335,086,880 ","42,160",37.80%,"$176,388,048 ","312,280","$2,844,593,280 ","$136,199,680 ","$1,634,396,160 ","46,449","$25,825,644 ","$309,907,728 ",50,137220,183669,46449
Montana,11157,"11,157",0.30%,"$53,924,988 ","2,076",18.60%,"$10,750,813 ","4,642",41.60%,"$18,306,844 ",70,0.60%,"$413,281 ",315,2.80%,"$1,963,887 ","2,035",18.20%,"$9,233,963 ","9,432",84.50%,"$47,941,052 ","4,804",43.10%,"$18,126,486 ","27,227","$284,054,064 ","$12,869,574 ","$154,434,888 ","7,043","$4,190,585 ","$50,287,020 ",30,20639,"20,639",0.30%,"$94,632,536 ","4,137",20.00%,"$20,054,422 ","9,051",43.90%,"$38,100,320 ",155,0.80%,"$793,021 ",581,2.80%,"$2,688,270 ","3,266",2.80%,"$13,484,455 ","11,063",53.60%,"$57,126,484 ","6,998",33.90%,"$25,792,244 ","50,597","$525,796,704 ","$21,891,582 ","$262,698,984 ","7,043","$4,190,585 ","$50,287,020 ",50,20184,27227,7043
Nebraska,22356,"22,356",0.60%,"$127,948,808 ","5,098",22.80%,"$30,043,966 ","9,092",40.70%,"$53,407,532 ","2,603",11.60%,"$15,859,976 ","1,554",7.00%,"$7,943,181 ","5,597",25.00%,"$31,640,992 ","16,854",75.40%,"$101,501,136 ","8,711",39.00%,"$39,104,712 ","58,343","$549,656,160 ","$29,488,778 ","$353,865,336 ","13,453","$7,291,526 ","$87,498,312 ",30,40505,"40,505",0.60%,"$211,418,880 ","10,229",25.30%,"$54,060,020 ","15,417",38.10%,"$87,986,584 ","4,052",10.00%,"$21,519,988 ","3,091",7.60%,"$14,805,288 ","9,703",7.60%,"$48,429,900 ","19,470",48.10%,"$113,367,936 ","11,626",28.70%,"$51,155,588 ","107,710","$984,801,120 ","$48,820,952 ","$585,851,424 ","13,453","$7,291,526 ","$87,498,312 ",50,44890,58343,13453
Nevada,33776,"33,776",0.90%,"$267,822,192 ","9,764",28.90%,"$82,978,896 ","12,387",36.70%,"$82,636,448 ","6,786",20.10%,"$59,692,112 ","6,562",19.40%,"$47,959,384 ","16,631",49.20%,"$134,951,008 ","29,993",88.80%,"$248,414,848 ","15,941",47.20%,"$105,127,488 ","92,056","$1,125,092,544 ","$65,959,276 ","$791,511,312 ","16,190","$12,919,620 ","$155,035,440 ",30,57564,"57,564",0.90%,"$390,585,824 ","15,684",27.20%,"$114,760,040 ","23,069",40.10%,"$135,913,376 ","10,341",18.00%,"$78,687,520 ","10,793",18.70%,"$69,106,960 ","26,824",18.70%,"$186,291,680 ","33,298",57.80%,"$265,413,920 ","22,284",38.70%,"$136,233,248 ","154,397","$1,719,012,480 ","$93,932,776 ","$1,127,193,312 ","16,190","$12,919,620 ","$155,035,440 ",50,75866,92056,16190
New Hampshire,13662,"13,662",0.40%,"$88,307,752 ","2,248",16.50%,"$17,251,420 ","6,938",50.80%,"$37,731,020 ",371,2.70%,"$3,029,671 ",75,0.50%,"$477,371 ","1,056",7.70%,"$8,067,837 ","8,074",59.10%,"$59,082,928 ","5,296",38.80%,"$31,194,900 ","36,707","$483,814,656 ","$21,866,780 ","$262,401,360 ","10,995","$9,334,755 ","$112,017,060 ",30,24142,"24,142",0.40%,"$140,909,616 ","4,542",18.80%,"$28,610,784 ","11,949",49.50%,"$63,312,132 ",605,2.50%,"$3,817,020 ",138,0.60%,"$830,386 ","1,867",0.60%,"$11,739,495 ","9,372",38.80%,"$66,258,720 ","6,982",28.90%,"$38,843,368 ","65,661","$875,490,816 ","$34,576,552 ","$414,918,624 ","10,995","$9,334,755 ","$112,017,060 ",50,25712,36707,10995
New Jersey,103941,"103,941",2.60%,"$859,239,296 ","25,920",24.90%,"$265,182,928 ","52,479",50.50%,"$345,749,888 ","28,081",27.00%,"$203,854,992 ","3,272",3.10%,"$33,909,128 ","39,161",37.70%,"$319,398,848 ","70,334",67.70%,"$626,344,640 ","44,050",42.40%,"$295,075,776 ","305,611","$4,682,064,000 ","$232,048,432 ","$2,784,581,184 ","83,246","$78,251,240 ","$939,014,880 ",30,164559,"164,559",2.50%,"$1,249,019,008 ","45,729",27.80%,"$401,570,016 ","78,007",47.40%,"$499,519,200 ","41,600",25.30%,"$280,561,536 ","5,616",3.40%,"$49,695,408 ","59,029",3.40%,"$441,442,912 ","75,914",46.10%,"$667,278,976 ","55,694",33.80%,"$364,528,000 ","495,127","$7,576,058,880 ","$338,420,064 ","$4,061,040,768 ","83,246","$78,251,240 ","$939,014,880 ",50,222365,305611,83246
New Mexico,28094,"28,094",0.70%,"$147,621,712 ","9,367",33.30%,"$59,086,696 ","9,675",34.40%,"$39,297,232 ",928,3.30%,"$6,349,832 ","9,341",33.20%,"$42,653,220 ","13,321",47.40%,"$65,168,004 ","26,911",95.80%,"$141,928,656 ","16,558",58.90%,"$78,398,480 ","60,661","$679,442,400 ","$30,110,978 ","$361,331,736 ","15,332","$8,769,904 ","$105,238,848 ",30,44513,"44,513",0.70%,"$208,757,664 ","13,043",29.30%,"$73,980,528 ","16,652",37.40%,"$63,769,152 ","1,561",3.50%,"$8,383,187 ","13,526",30.40%,"$56,371,904 ","19,899",30.40%,"$86,604,360 ","29,805",67.00%,"$152,909,104 ","21,979",49.40%,"$97,171,880 ","94,602","$1,020,964,896 ","$41,912,580 ","$502,950,960 ","15,332","$8,769,904 ","$105,238,848 ",50,45329,60661,15332
New York,353670,"353,670",9.00%,"$2,791,883,520 ","82,114",23.20%,"$762,974,016 ","182,397",51.60%,"$1,164,315,264 ","83,813",23.70%,"$629,231,808 ","7,485",2.10%,"$86,040,088 ","127,703",36.10%,"$1,049,495,424 ","257,329",72.80%,"$2,139,248,512 ","197,990",56.00%,"$1,239,424,000 ","964,754","$12,123,730,944 ","$710,580,672 ","$8,526,968,064 ","268,037","$276,614,184 ","$3,319,370,208 ",30,537027,"537,027",8.30%,"$3,985,525,760 ","133,426",24.80%,"$1,114,782,336 ","266,112",49.60%,"$1,677,447,424 ","123,354",23.00%,"$866,512,128 ","13,188",2.50%,"$131,321,056 ","189,863",2.50%,"$1,457,253,376 ","274,629",51.10%,"$2,258,714,368 ","249,113",46.40%,"$1,525,473,280 ","1,484,892","$18,809,081,856 ","$1,013,505,856 ","$12,162,070,272 ","268,037","$276,614,184 ","$3,319,370,208 ",50,696717,964754,268037
North Carolina,119162,"119,162",3.00%,"$657,975,104 ","38,674",32.50%,"$223,664,128 ","42,349",35.50%,"$193,674,992 ","49,324",41.40%,"$249,464,560 ","5,592",4.70%,"$27,837,588 ","61,043",51.20%,"$317,422,528 ","105,962",88.90%,"$596,656,128 ","62,347",52.30%,"$280,614,176 ","311,832","$3,210,905,088 ","$163,417,440 ","$1,961,009,280 ","69,928","$40,348,456 ","$484,181,472 ",30,199867,"199,867",3.10%,"$1,003,234,624 ","59,486",29.80%,"$316,070,368 ","75,891",38.00%,"$336,710,528 ","78,305",39.20%,"$363,954,944 ","10,429",5.20%,"$47,995,004 ","98,423",5.20%,"$467,456,672 ","118,682",59.40%,"$654,621,248 ","85,045",42.60%,"$360,982,432 ","521,902","$5,195,377,536 ","$243,657,552 ","$2,923,890,624 ","69,928","$40,348,456 ","$484,181,472 ",50,241904,311832,69928
North Dakota,9739,"9,739",0.30%,"$50,486,836 ","1,517",15.60%,"$7,351,072 ","3,935",40.40%,"$18,529,116 ",480,4.90%,"$2,713,771 ",198,2.00%,"$835,165 ","1,864",19.10%,"$7,700,404 ","7,160",73.50%,"$40,099,488 ","3,226",33.10%,"$12,950,918 ","25,043","$214,342,056 ","$11,903,808 ","$142,845,696 ","9,239","$4,637,978 ","$55,655,736 ",30,17406,"17,406",0.30%,"$84,296,152 ","3,204",18.40%,"$14,986,668 ","6,817",39.20%,"$33,409,202 ","1,052",6.00%,"$5,116,840 ",466,2.70%,"$2,206,519 ","3,447",2.70%,"$14,237,531 ","8,350",48.00%,"$45,779,452 ","4,309",24.80%,"$17,148,010 ","45,589","$376,733,664 ","$19,560,452 ","$234,725,424 ","9,239","$4,637,978 ","$55,655,736 ",50,15804,25043,9239
Ohio,156534,"156,534",4.00%,"$788,336,768 ","45,564",29.10%,"$252,127,888 ","55,520",35.50%,"$240,722,624 ","52,304",33.40%,"$251,211,728 ","2,811",1.80%,"$14,464,470 ","63,373",40.50%,"$317,073,504 ","140,520",89.80%,"$725,683,456 ","90,571",57.90%,"$383,211,104 ","399,773","$3,413,385,216 ","$186,847,488 ","$2,242,169,856 ","102,403","$59,393,740 ","$712,724,880 ",30,253757,"253,757",3.90%,"$1,165,108,992 ","66,682",26.30%,"$336,040,800 ","101,232",39.90%,"$426,464,288 ","74,681",29.40%,"$331,312,704 ","4,614",1.80%,"$21,778,976 ","91,752",1.80%,"$420,797,728 ","153,304",60.40%,"$779,773,120 ","118,963",46.90%,"$480,333,440 ","637,822","$5,380,649,856 ","$266,979,664 ","$3,203,755,968 ","102,403","$59,393,740 ","$712,724,880 ",50,297370,399773,102403
Oklahoma,39640,"39,640",1.00%,"$191,630,368 ","11,901",30.00%,"$62,568,776 ","13,083",33.00%,"$53,945,836 ","7,208",18.20%,"$36,995,244 ","2,586",6.50%,"$11,464,320 ","16,520",41.70%,"$80,090,536 ","36,362",91.70%,"$178,979,536 ","19,924",50.30%,"$81,816,528 ","109,441","$1,006,280,832 ","$51,709,772 ","$620,517,264 ","25,659","$14,420,358 ","$173,044,296 ",30,71359,"71,359",1.10%,"$306,945,280 ","21,224",29.70%,"$98,966,904 ","25,626",35.90%,"$102,276,552 ","10,886",15.30%,"$50,122,784 ","4,918",6.90%,"$19,449,306 ","27,210",6.90%,"$115,474,120 ","43,096",60.40%,"$205,234,080 ","28,699",40.20%,"$111,781,952 ","195,689","$1,730,869,440 ","$80,478,080 ","$965,736,960 ","25,659","$14,420,358 ","$173,044,296 ",50,83782,109441,25659
Oregon,49388,"49,388",1.30%,"$368,788,832 ","11,252",22.80%,"$90,069,360 ","19,889",40.30%,"$133,952,920 ","2,333",4.70%,"$17,414,294 ","4,678",9.50%,"$32,309,372 ","12,153",24.60%,"$91,770,520 ","39,955",80.90%,"$306,820,320 ","27,845",56.40%,"$160,914,768 ","129,264","$1,606,717,344 ","$87,313,128 ","$1,047,757,536 ","39,649","$29,538,505 ","$354,462,060 ",30,86595,"86,595",1.30%,"$571,981,184 ","20,540",23.70%,"$138,330,272 ","35,904",41.50%,"$222,831,072 ","3,313",3.80%,"$23,274,612 ","8,702",10.00%,"$51,768,460 ","19,900",10.00%,"$131,300,776 ","46,177",53.30%,"$340,888,448 ","40,527",46.80%,"$216,061,552 ","227,282","$2,683,467,840 ","$133,782,928 ","$1,605,395,136 ","39,649","$29,538,505 ","$354,462,060 ",50,89615,129264,39649
Pennsylvania,132968,"132,968",3.40%,"$792,528,640 ","31,165",23.40%,"$208,174,640 ","58,111",43.70%,"$281,944,992 ","27,700",20.80%,"$162,101,712 ","1,720",1.30%,"$11,664,636 ","36,184",27.20%,"$228,889,392 ","104,638",78.70%,"$664,170,368 ","73,212",55.10%,"$341,124,832 ","417,391","$4,641,225,600 ","$239,381,424 ","$2,872,577,088 ","94,013","$60,638,385 ","$727,660,620 ",30,223383,"223,383",3.50%,"$1,205,582,848 ","50,259",22.50%,"$300,864,928 ","104,484",46.80%,"$494,984,800 ","40,658",18.20%,"$219,092,576 ","2,689",1.20%,"$16,858,308 ","53,349",1.20%,"$306,367,232 ","115,188",51.60%,"$716,935,104 ","100,244",44.90%,"$447,970,976 ","682,357","$7,675,915,776 ","$349,974,048 ","$4,199,688,576 ","94,013","$60,638,385 ","$727,660,620 ",50,323378,417391,94013
Rhode Island,18463,"18,463",0.50%,"$101,501,552 ","3,771",20.40%,"$26,456,232 ","9,235",50.00%,"$37,612,520 ","1,689",9.10%,"$9,039,995 ",150,0.80%,"$579,098 ","2,981",16.10%,"$18,280,724 ","14,122",76.50%,"$84,054,936 ","11,029",59.70%,"$46,245,580 ","46,256","$439,840,512 ","$24,036,650 ","$288,439,800 ","11,103","$9,426,447 ","$113,117,364 ",30,29037,"29,037",0.50%,"$159,725,120 ","6,315",21.70%,"$40,950,916 ","14,672",50.50%,"$68,663,528 ","2,501",8.60%,"$12,500,000 ",230,0.80%,"$924,425 ","4,456",0.80%,"$25,274,926 ","15,214",52.40%,"$91,016,088 ","14,535",50.10%,"$63,012,432 ","73,249","$717,094,656 ","$36,694,836 ","$440,338,032 ","11,103","$9,426,447 ","$113,117,364 ",50,35153,46256,11103
South Carolina,55901,"55,901",1.40%,"$308,253,792 ","17,566",31.40%,"$98,132,496 ","19,284",34.50%,"$83,784,728 ","28,053",50.20%,"$135,508,848 ","2,082",3.70%,"$12,339,077 ","31,882",57.00%,"$160,991,392 ","50,860",91.00%,"$286,711,744 ","28,196",50.40%,"$124,856,344 ","139,601","$1,588,025,088 ","$76,483,480 ","$917,801,760 ","28,853","$17,369,506 ","$208,434,072 ",30,89091,"89,091",1.40%,"$448,578,720 ","26,713",30.00%,"$137,168,144 ","32,011",35.90%,"$139,719,104 ","43,181",48.50%,"$192,328,288 ","3,131",3.50%,"$17,105,144 ","49,025",3.50%,"$226,433,968 ","55,387",62.20%,"$305,474,848 ","36,298",40.70%,"$153,777,792 ","224,546","$2,524,452,864 ","$109,344,120 ","$1,312,129,440 ","28,853","$17,369,506 ","$208,434,072 ",50,110748,139601,28853
South Dakota,10030,"10,030",0.30%,"$50,913,352 ","2,009",20.00%,"$10,571,361 ","4,531",45.20%,"$22,400,736 ",224,2.20%,"$1,165,971 ",239,2.40%,"$1,217,594 ","2,739",27.30%,"$11,744,631 ","7,825",78.00%,"$42,690,348 ","4,089",40.80%,"$16,249,321 ","24,696","$215,364,360 ","$11,535,612 ","$138,427,344 ","6,753","$3,471,042 ","$41,652,504 ",30,18477,"18,477",0.30%,"$87,042,232 ","3,804",20.60%,"$17,473,790 ","8,503",46.00%,"$42,256,668 ",506,2.70%,"$2,039,028 ",444,2.40%,"$1,958,900 ","4,280",2.40%,"$17,083,904 ","9,031",48.90%,"$48,418,112 ","5,556",30.10%,"$21,072,064 ","45,620","$403,434,144 ","$19,182,526 ","$230,190,312 ","6,753","$3,471,042 ","$41,652,504 ",50,17943,24696,6753
Tennessee,78424,"78,424",2.00%,"$412,219,808 ","25,808",32.90%,"$149,612,336 ","25,699",32.80%,"$109,296,832 ","26,664",34.00%,"$146,778,160 ","2,593",3.30%,"$17,593,934 ","32,190",41.00%,"$184,560,240 ","72,224",92.10%,"$386,367,648 ","43,704",55.70%,"$189,078,832 ","205,994","$1,977,586,944 ","$103,867,928 ","$1,246,415,136 ","39,382","$24,023,020 ","$288,276,240 ",30,125984,"125,984",2.00%,"$594,294,912 ","37,815",30.00%,"$197,586,480 ","45,292",36.00%,"$180,323,568 ","39,702",31.50%,"$198,731,504 ","4,504",3.60%,"$26,191,422 ","48,639",3.60%,"$251,257,664 ","80,190",63.70%,"$416,212,704 ","57,332",45.50%,"$233,982,816 ","326,539","$3,110,203,776 ","$146,631,040 ","$1,759,572,480 ","39,382","$24,023,020 ","$288,276,240 ",50,166612,205994,39382
Texas,309690,"309,690",7.90%,"$2,014,185,216 ","112,059",36.20%,"$733,989,504 ","105,033",33.90%,"$567,832,320 ","72,547",23.40%,"$468,646,112 ","105,778",34.20%,"$548,898,368 ","195,655",63.20%,"$1,156,549,760 ","260,060",84.00%,"$1,740,418,944 ","136,764",44.20%,"$694,118,784 ","832,922","$9,439,803,648 ","$504,851,904 ","$6,058,222,848 ","174,152","$131,136,456 ","$1,573,637,472 ",30,515461,"515,461",8.00%,"$3,024,797,440 ","181,724",35.30%,"$1,099,353,600 ","169,982",33.00%,"$892,134,208 ","116,355",22.60%,"$676,499,392 ","168,428",32.70%,"$821,344,640 ","312,262",32.70%,"$1,688,581,248 ","287,784",55.80%,"$1,881,250,688 ","182,809",35.50%,"$895,548,032 ","1,410,497","$15,279,475,200 ","$754,569,728 ","$9,054,836,736 ","174,152","$131,136,456 ","$1,573,637,472 ",50,658770,832922,174152
Utah,20670,"20,670",0.50%,"$133,406,632 ","6,701",32.40%,"$47,566,684 ","6,071",29.40%,"$32,672,944 ",775,3.70%,"$6,214,276 ","2,505",12.10%,"$15,307,407 ","5,005",24.20%,"$32,626,946 ","17,760",85.90%,"$120,879,664 ","7,805",37.80%,"$41,009,104 ","55,591","$686,370,768 ","$33,011,446 ","$396,137,352 ","12,521","$9,002,599 ","$108,031,188 ",30,36371,"36,371",0.60%,"$209,340,880 ","11,672",32.10%,"$74,168,288 ","10,389",28.60%,"$54,263,076 ","1,088",3.00%,"$7,791,512 ","4,766",13.10%,"$26,897,988 ","8,538",13.10%,"$50,058,000 ","20,381",56.00%,"$134,509,392 ","10,380",28.50%,"$53,498,932 ","100,532","$1,164,918,624 ","$51,812,724 ","$621,752,688 ","12,521","$9,002,599 ","$108,031,188 ",50,43070,55591,12521
Vermont,7618,"7,618",0.20%,"$47,876,764 ","1,130",14.80%,"$7,375,282 ","3,711",48.70%,"$19,950,956 ",218,2.90%,"$1,395,533 ",30,0.40%,"$119,406 ",659,8.70%,"$4,982,660 ","5,327",69.90%,"$35,629,176 ","3,858",50.60%,"$18,459,636 ","18,647","$253,876,512 ","$10,962,533 ","$131,550,396 ","8,168","$6,534,400 ","$78,412,800 ",30,13073,"13,073",0.20%,"$70,701,080 ","2,111",16.10%,"$12,176,310 ","6,410",49.00%,"$29,827,508 ",305,2.30%,"$1,789,632 ",71,0.50%,"$329,630 ","1,068",0.50%,"$6,869,711 ","6,138",47.00%,"$39,816,232 ","5,381",41.20%,"$25,343,102 ","32,516","$445,843,968 ","$16,231,090 ","$194,773,080 ","8,168","$6,534,400 ","$78,412,800 ",50,10479,18647,8168
Virginia,91438,"91,438",2.30%,"$674,148,096 ","26,220",28.70%,"$216,256,160 ","35,898",39.30%,"$211,821,296 ","33,793",37.00%,"$213,348,144 ","1,480",1.60%,"$12,424,303 ","41,918",45.80%,"$287,486,976 ","66,533",72.80%,"$511,861,536 ","37,455",41.00%,"$208,540,032 ","237,337","$3,221,817,984 ","$164,046,080 ","$1,968,552,960 ","56,981","$46,439,515 ","$557,274,180 ",30,150053,"150,053",2.30%,"$1,010,502,848 ","44,395",29.60%,"$330,243,072 ","57,263",38.20%,"$327,079,680 ","52,685",35.10%,"$308,380,192 ","2,798",1.90%,"$21,652,096 ","66,177",1.90%,"$418,913,600 ","73,530",49.00%,"$555,829,952 ","47,470",31.60%,"$257,981,568 ","394,156","$5,336,030,208 ","$245,424,528 ","$2,945,094,336 ","56,981","$46,439,515 ","$557,274,180 ",50,180356,237337,56981
Washington,101688,"101,688",2.60%,"$790,165,376 ","24,072",23.70%,"$208,923,904 ","42,630",41.90%,"$284,021,600 ","9,297",9.10%,"$73,915,400 ","8,561",8.40%,"$60,156,072 ","34,422",33.90%,"$273,300,480 ","69,675",68.50%,"$559,954,496 ","50,623",49.80%,"$292,245,184 ","229,501","$3,090,990,336 ","$160,358,528 ","$1,924,302,336 ","61,873","$57,851,255 ","$694,215,060 ",30,173243,"173,243",2.70%,"$1,226,450,560 ","44,661",25.80%,"$337,706,272 ","68,901",39.80%,"$449,664,768 ","14,393",8.30%,"$105,372,472 ","16,515",9.50%,"$103,019,072 ","56,398",9.50%,"$404,530,688 ","79,532",45.90%,"$621,208,768 ","68,083",39.30%,"$384,976,000 ","399,521","$5,185,118,976 ","$248,370,640 ","$2,980,447,680 ","61,873","$57,851,255 ","$694,215,060 ",50,167628,229501,61873
West Virginia,19737,"19,737",0.50%,"$85,127,184 ","5,206",26.40%,"$26,843,618 ","5,873",29.80%,"$16,081,911 ","1,520",7.70%,"$7,917,457 ",82,0.40%,"$603,723 ","2,212",11.20%,"$12,351,138 ","19,324",97.90%,"$84,014,752 ","12,154",61.60%,"$43,803,012 ","48,141","$431,347,920 ","$22,212,594 ","$266,551,128 ","15,851","$8,004,755 ","$96,057,060 ",30,32888,"32,888",0.50%,"$123,637,440 ","8,291",25.20%,"$37,788,712 ","11,877",36.10%,"$30,946,836 ","2,377",7.20%,"$11,391,961 ",152,0.50%,"$842,933 ","3,458",0.50%,"$17,227,458 ","22,813",69.40%,"$96,401,072 ","17,647",53.70%,"$59,765,728 ","78,129","$708,408,864 ","$31,164,324 ","$373,971,888 ","15,851","$8,004,755 ","$96,057,060 ",50,32290,48141,15851
Wisconsin,68199,"68,199",1.70%,"$385,747,392 ","14,320",21.00%,"$90,018,928 ","28,321",41.50%,"$139,573,120 ","12,901",18.90%,"$76,067,288 ","3,207",4.70%,"$19,613,056 ","19,924",29.20%,"$122,051,208 ","51,883",76.10%,"$319,160,896 ","32,615",47.80%,"$154,350,176 ","178,004","$1,707,752,064 ","$90,677,576 ","$1,088,130,912 ","32,830","$17,399,900 ","$208,798,800 ",30,123251,"123,251",1.90%,"$626,003,776 ","26,582",21.60%,"$142,073,376 ","53,525",43.40%,"$257,084,544 ","19,512",15.80%,"$104,786,952 ","6,440",5.20%,"$32,097,066 ","32,179",5.20%,"$172,148,208 ","59,315",48.10%,"$357,801,952 ","47,362",38.40%,"$212,352,160 ","319,301","$2,995,886,592 ","$142,908,896 ","$1,714,906,752 ","32,830","$17,399,900 ","$208,798,800 ",50,145174,178004,32830
Wyoming,5978,"5,978",0.20%,"$30,286,104 ","1,122",18.80%,"$7,018,759 ","2,381",39.80%,"$9,898,944 ",73,1.20%,"$413,340 ",512,8.60%,"$2,616,360 ",928,15.50%,"$4,608,942 ","4,835",80.90%,"$26,733,094 ","1,440",24.10%,"$5,449,963 ","14,825","$157,965,312 ","$7,355,265 ","$88,263,180 ","2,692","$1,337,924 ","$16,055,088 ",30,10375,"10,375",0.20%,"$46,951,480 ","2,179",21.00%,"$11,310,356 ","4,056",39.10%,"$15,592,270 ",198,1.90%,"$1,351,611 ",847,8.20%,"$3,836,107 ","1,636",8.20%,"$8,133,516 ","5,488",52.90%,"$29,737,710 ","1,980",19.10%,"$7,464,286 ","26,078","$272,483,424 ","$11,372,720 ","$136,472,640 ","2,692","$1,337,924 ","$16,055,088 ",50,12133,14825,2692
