,MSA,Number.of.Vouchers.if.Only.Renters.Participate.x,Total.Monthly.Cost.of.Vouchers.if.Only.Renters.Participate.x,Total.Annual.Cost.of.Vouchers.if.Only.Renters.Participate.x,Actual.Number.of.Vouchers.Available.2020.x,Estimated.Monthly.Expenditure.x,Estimated.Annual.Expenditure.x,Number.of.Vouchers.x,Number.of.Vouchers.NUMERIC.x,Annual.Cost.of.Vouchers.x,Annual.Cost.of.Vouchers.Based.on.HUD.Average.Expenditure.x,HUD.Avg..Monthly.Expenditure.per.HH.by.MSA.x,Annual.Administrative.Cost.x,AMI.x,Number.of.Vouchers.if.Only.Renters.Participate.y,Total.Monthly.Cost.of.Vouchers.if.Only.Renters.Participate.y,Total.Annual.Cost.of.Vouchers.if.Only.Renters.Participate.y,Actual.Number.of.Vouchers.Available.2020.y,Estimated.Monthly.Expenditure.y,Estimated.Annual.Expenditure.y,Number.of.Vouchers.y,Number.of.Vouchers.NUMERIC.y,Annual.Cost.of.Vouchers.y,Annual.Cost.of.Vouchers.Based.on.HUD.Average.Expenditure.y,HUD.Avg..Monthly.Expenditure.per.HH.by.MSA.y,Annual.Administrative.Cost.y,AMI.y
1,"Akron, OH","25,669","$12,207,987 ","$146,495,844 ","6,931","$3,992,256 ","$47,907,072 ","7,738",7738,"$40,413,200 ","$53,485,980 ",$576 ,"$6,606,896 ",30,"41,631","$17,606,394 ","$211,276,728 ","6,931","$3,992,256 ","$47,907,072 ","13,041",13041,"$61,999,864 ","$90,140,424 ",$576 ,"$11,134,664 ",50
2,"Albany-Schenectady-Troy, NY","31,425","$18,031,720 ","$216,380,640 ","10,655","$6,861,820 ","$82,341,840 ","11,794",11794,"$75,331,768 ","$91,142,520 ",$644 ,"$10,069,668 ",30,"52,836","$27,280,034 ","$327,360,408 ","10,655","$6,861,820 ","$82,341,840 ","19,838",19838,"$116,720,528 ","$153,308,784 ",$644 ,"$16,937,962 ",50
3,"Albuquerque, NM","28,177","$15,847,227 ","$190,166,724 ","7,298","$4,473,674 ","$53,684,088 ","14,898",14898,"$91,224,552 ","$109,591,160 ",$613 ,"$12,720,232 ",30,"43,713","$21,230,118 ","$254,761,416 ","7,298","$4,473,674 ","$53,684,088 ","23,657",23657,"$125,016,480 ","$174,017,360 ",$613 ,"$20,198,172 ",50
4,"Allentown-Bethlehem-Easton, PA-NJ","22,022","$12,970,150 ","$155,641,800 ","6,784","$4,782,720 ","$57,392,640 ","8,695",8695,"$55,356,244 ","$73,557,024 ",$705 ,"$7,423,607 ",30,"38,519","$20,494,042 ","$245,928,504 ","6,784","$4,782,720 ","$57,392,640 ","15,368",15368,"$89,628,880 ","$130,015,304 ",$705 ,"$13,121,556 ",50
5,"Amarillo, TX","7,952","$4,106,228 ","$49,274,736 ","3,198","$2,037,126 ","$24,445,512 ","2,907",2907,"$17,085,562 ","$22,224,624 ",$637 ,"$2,482,419 ",30,"13,587","$6,063,869 ","$72,766,428 ","3,198","$2,037,126 ","$24,445,512 ","4,925",4925,"$25,515,584 ","$37,645,268 ",$637 ,"$4,204,855 ",50
6,"Anchorage, AK","10,414","$7,290,762 ","$87,489,144 ","3,252","$1,918,680 ","$23,024,160 ","4,071",4071,"$29,197,680 ","$28,824,098 ",$590 ,"$3,476,032 ",30,"17,724","$11,491,924 ","$137,903,088 ","3,252","$1,918,680 ","$23,024,160 ","6,818",6818,"$45,962,856 ","$48,273,348 ",$590 ,"$5,821,507 ",50
7,"Ann Arbor, MI","16,764","$13,468,362 ","$161,620,344 ","3,567","$2,571,807 ","$30,861,684 ","5,900",5900,"$51,321,912 ","$51,050,952 ",$721 ,"$5,037,889 ",30,"26,266","$18,370,822 ","$220,449,864 ","3,567","$2,571,807 ","$30,861,684 ","9,037",9037,"$70,202,480 ","$78,190,504 ",$721 ,"$7,716,116 ",50
8,"Anniston-Oxford, AL","3,824","$1,610,147 ","$19,321,764 ",642,"$297,246 ","$3,566,952 ","1,314",1314,"$5,810,791 ","$7,300,056 ",$463 ,"$1,121,825 ",30,"5,352","$2,081,074 ","$24,972,888 ",642,"$297,246 ","$3,566,952 ","1,892",1892,"$7,806,106 ","$10,509,464 ",$463 ,"$1,615,026 ",50
9,"Asheville, NC","12,884","$5,626,155 ","$67,513,860 ","4,712","$3,157,040 ","$37,884,480 ","5,286",5286,"$23,438,930 ","$42,495,616 ",$670 ,"$4,512,834 ",30,"22,955","$9,320,255 ","$111,843,060 ","4,712","$3,157,040 ","$37,884,480 ","9,347",9347,"$40,358,156 ","$75,152,840 ",$670 ,"$7,980,877 ",50
10,"Atlanta-Sandy Springs-Alpharetta, GA","152,265","$105,989,696 ","$1,271,876,352 ","42,263","$35,374,131 ","$424,489,572 ","49,077",49077,"$370,298,688 ","$492,932,224 ",$837 ,"$41,902,672 ",30,"270,591","$161,612,128 ","$1,939,345,536 ","42,263","$35,374,131 ","$424,489,572 ","84,975",84975,"$566,045,440 ","$853,491,392 ",$837 ,"$72,552,720 ",50
11,"Atlantic City-Hammonton, NJ","9,031","$5,494,644 ","$65,935,728 ","2,903","$2,531,416 ","$30,376,992 ","3,398",3398,"$22,419,630 ","$35,554,884 ",$872 ,"$2,901,101 ",30,"14,133","$7,832,381 ","$93,988,572 ","2,903","$2,531,416 ","$30,376,992 ","5,430",5430,"$33,020,768 ","$56,817,388 ",$872 ,"$4,636,015 ",50
12,"Auburn-Opelika, AL","8,540","$5,255,164 ","$63,061,968 ","1,135","$627,655 ","$7,531,860 ","3,074",3074,"$20,474,046 ","$20,395,756 ",$553 ,"$2,624,186 ",30,"11,551","$6,196,129 ","$74,353,548 ","1,135","$627,655 ","$7,531,860 ","4,131",4131,"$24,080,784 ","$27,412,462 ",$553 ,"$3,526,979 ",50
13,"Augusta-Richmond County, GA-SC","16,520","$9,089,389 ","$109,072,668 ","5,743","$3,635,319 ","$43,623,828 ","6,131",6131,"$34,761,548 ","$46,571,668 ",$633 ,"$5,234,776 ",30,"25,021","$12,054,440 ","$144,653,280 ","5,743","$3,635,319 ","$43,623,828 ","9,308",9308,"$47,001,824 ","$70,703,224 ",$633 ,"$7,947,225 ",50
14,"Austin-Round Rock, TX","60,965","$50,141,892 ","$601,702,704 ","7,827","$7,498,266 ","$89,979,192 ","21,606",21606,"$197,220,480 ","$248,384,848 ",$958 ,"$18,447,588 ",30,"115,038","$77,411,136 ","$928,933,632 ","7,827","$7,498,266 ","$89,979,192 ","39,927",39927,"$306,129,920 ","$459,005,248 ",$958 ,"$34,090,404 ",50
15,"Bakersfield, CA","30,502","$17,769,824 ","$213,237,888 ","3,807","$2,173,797 ","$26,085,564 ","10,558",10558,"$69,250,640 ","$72,343,040 ",$571 ,"$9,014,479 ",30,"45,345","$23,230,350 ","$278,764,200 ","3,807","$2,173,797 ","$26,085,564 ","16,150",16150,"$93,256,624 ","$110,659,768 ",$571 ,"$13,789,027 ",50
16,"Baltimore-Columbia-Towson, MD","91,576","$65,143,564 ","$781,722,768 ","33,392","$34,193,408 ","$410,320,896 ","29,541",29541,"$227,805,152 ","$363,004,064 ","$1,024 ","$25,222,696 ",30,"148,312","$95,383,024 ","$1,144,596,288 ","33,392","$34,193,408 ","$410,320,896 ","46,993",46993,"$335,395,808 ","$577,453,504 ","$1,024 ","$40,123,336 ",50
17,"Bangor, ME","5,271","$2,458,299 ","$29,499,588 ","1,161","$717,498 ","$8,609,976 ","1,956",1956,"$9,593,838 ","$14,509,316 ",$618 ,"$1,670,469 ",30,"8,499","$3,460,521 ","$41,526,252 ","1,161","$717,498 ","$8,609,976 ","3,313",3313,"$13,862,794 ","$24,568,854 ",$618 ,"$2,828,632 ",50
18,"Barnstable Town, MA","4,583","$3,094,671 ","$37,136,052 ","2,433","$2,007,225 ","$24,086,700 ","2,106",2106,"$13,659,132 ","$20,845,822 ",$825 ,"$1,797,815 ",30,"8,419","$5,560,709 ","$66,728,508 ","2,433","$2,007,225 ","$24,086,700 ","3,630",3630,"$24,177,904 ","$35,937,688 ",$825 ,"$3,099,390 ",50
19,"Baton Rouge, LA","25,915","$16,561,503 ","$198,738,036 ","5,566","$3,912,898 ","$46,954,776 ","9,780",9780,"$64,755,716 ","$82,508,136 ",$703 ,"$8,350,672 ",30,"39,920","$22,255,634 ","$267,067,608 ","5,566","$3,912,898 ","$46,954,776 ","15,136",15136,"$88,520,248 ","$127,685,712 ",$703 ,"$12,923,108 ",50
20,"Beaumont-Port Arthur, TX","11,073","$5,007,871 ","$60,094,452 ","6,393","$3,906,123 ","$46,873,476 ","4,172",4172,"$19,361,644 ","$30,587,856 ",$611 ,"$3,561,950 ",30,"15,896","$6,582,859 ","$78,994,308 ","6,393","$3,906,123 ","$46,873,476 ","6,203",6203,"$26,162,836 ","$45,482,192 ",$611 ,"$5,296,393 ",50
21,"Bellingham, WA","7,820","$5,152,142 ","$61,825,704 ","1,823","$1,339,905 ","$16,078,860 ","2,878",2878,"$21,368,826 ","$25,381,742 ",$735 ,"$2,457,051 ",30,"13,067","$7,638,180 ","$91,658,160 ","1,823","$1,339,905 ","$16,078,860 ","4,865",4865,"$32,269,880 ","$42,910,244 ",$735 ,"$4,153,877 ",50
22,"Bend-Redmond, OR","4,449","$3,519,950 ","$42,239,400 ","1,116","$838,116 ","$10,057,392 ","1,717",1717,"$15,083,325 ","$15,471,640 ",$751 ,"$1,465,806 ",30,"7,916","$5,334,331 ","$64,011,972 ","1,116","$838,116 ","$10,057,392 ","3,014",3014,"$23,108,656 ","$27,161,572 ",$751 ,"$2,573,327 ",50
23,"Binghamton, NY","10,179","$5,399,064 ","$64,788,768 ","1,640","$941,360 ","$11,296,320 ","3,699",3699,"$21,335,152 ","$25,476,054 ",$574 ,"$3,157,914 ",30,"16,034","$7,406,800 ","$88,881,600 ","1,640","$941,360 ","$11,296,320 ","6,047",6047,"$31,237,044 ","$41,654,120 ",$574 ,"$5,163,285 ",50
24,"Birmingham-Hoover, AL","32,467","$16,391,753 ","$196,701,036 ","9,516","$6,337,656 ","$76,051,872 ","12,325",12325,"$64,908,104 ","$98,500,528 ",$666 ,"$10,523,115 ",30,"44,360","$21,159,218 ","$253,910,616 ","9,516","$6,337,656 ","$76,051,872 ","17,521",17521,"$86,462,488 ","$140,031,616 ",$666 ,"$14,960,010 ",50
25,"Bismarck, ND","3,221","$1,482,029 ","$17,784,348 ","1,784","$817,072 ","$9,804,864 ","1,323",1323,"$6,527,448 ","$7,270,407 ",$458 ,"$1,129,466 ",30,"6,177","$2,792,243 ","$33,506,916 ","1,784","$817,072 ","$9,804,864 ","2,539",2539,"$13,379,160 ","$13,952,410 ",$458 ,"$2,167,523 ",50
26,"Blacksburg-Christiansburg-Radford, VA","7,471","$6,361,197 ","$76,334,364 ",938,"$715,694 ","$8,588,328 ","2,527",2527,"$23,072,186 ","$23,135,828 ",$763 ,"$2,157,449 ",30,"9,765","$7,283,809 ","$87,405,708 ",938,"$715,694 ","$8,588,328 ","3,511",3511,"$26,595,814 ","$32,142,194 ",$763 ,"$2,997,305 ",50
27,"Bloomington, IL","7,432","$5,521,810 ","$66,261,720 ",760,"$424,080 ","$5,088,960 ","2,553",2553,"$21,442,900 ","$17,094,288 ",$558 ,"$2,179,700 ",30,"10,091","$6,569,063 ","$78,828,756 ",760,"$424,080 ","$5,088,960 ","3,478",3478,"$25,460,000 ","$23,286,842 ",$558 ,"$2,969,316 ",50
28,"Bloomington, IN","8,527","$6,670,435 ","$80,045,220 ","1,478","$128,586 ","$1,543,032 ","2,770",2770,"$24,363,242 ","$2,891,821 ",$87 ,"$2,365,005 ",30,"12,813","$8,683,602 ","$104,203,224 ","1,478","$128,586 ","$1,543,032 ","4,273",4273,"$32,126,860 ","$4,460,491 ",$87 ,"$3,647,904 ",50
29,"Boise City, ID","18,009","$10,515,457 ","$126,185,484 ","2,973","$1,890,828 ","$22,689,936 ","6,750",6750,"$45,119,964 ","$51,512,844 ",$636 ,"$5,762,865 ",30,"30,363","$15,051,698 ","$180,620,376 ","2,973","$1,890,828 ","$22,689,936 ","11,357",11357,"$64,615,784 ","$86,679,624 ",$636 ,"$9,697,056 ",50
30,"Boston-Cambridge-Newton, MA-NH","202,729","$157,664,240 ","$1,891,970,880 ","65,649","$77,203,224 ","$926,438,688 ","63,394",63394,"$521,372,928 ","$894,621,376 ","$1,176 ","$54,126,748 ",30,"307,911","$224,662,368 ","$2,695,948,416 ","65,649","$77,203,224 ","$926,438,688 ","93,507",93507,"$741,340,224 ","$1,319,573,120 ","$1,176 ","$79,837,360 ",50
31,"Bremerton-Silverdale, WA","6,491","$4,613,822 ","$55,365,864 ","2,137","$1,788,669 ","$21,464,028 ","2,457",2457,"$19,742,550 ","$24,676,794 ",$837 ,"$2,097,700 ",30,"11,199","$6,962,914 ","$83,554,968 ","2,137","$1,788,669 ","$21,464,028 ","4,266",4266,"$30,326,614 ","$42,843,832 ",$837 ,"$3,642,024 ",50
32,"Bridgeport-Stamford-Norwalk, CT","33,255","$25,717,872 ","$308,614,464 ","9,172","$11,327,420 ","$135,929,040 ","9,085",9085,"$73,437,248 ","$134,641,600 ","$1,235 ","$7,756,973 ",30,"53,650","$38,859,060 ","$466,308,720 ","9,172","$11,327,420 ","$135,929,040 ","14,030",14030,"$110,966,744 ","$207,921,024 ","$1,235 ","$11,978,748 ",50
33,"Brownsville-Harlingen, TX","17,136","$6,256,474 ","$75,077,688 ","4,954","$2,313,518 ","$27,762,216 ","6,280",6280,"$24,524,494 ","$35,194,400 ",$467 ,"$5,362,122 ",30,"21,337","$7,408,074 ","$88,896,888 ","4,954","$2,313,518 ","$27,762,216 ","8,064",8064,"$29,383,338 ","$45,188,968 ",$467 ,"$6,884,867 ",50
34,"Buffalo-Cheektowaga-Niagara Falls, NY","50,084","$24,085,908 ","$289,030,896 ","14,462","$8,113,182 ","$97,358,184 ","18,695",18695,"$100,055,504 ","$125,853,200 ",$561 ,"$15,961,781 ",30,"77,473","$34,115,888 ","$409,390,656 ","14,462","$8,113,182 ","$97,358,184 ","29,503",29503,"$146,254,048 ","$198,611,728 ",$561 ,"$25,189,644 ",50
35,"Burlington-South Burlington, VT","8,001","$5,839,701 ","$70,076,412 ","4,172","$3,671,360 ","$44,056,320 ","3,096",3096,"$24,690,982 ","$32,693,858 ",$880 ,"$2,643,404 ",30,"12,993","$8,084,363 ","$97,012,356 ","4,172","$3,671,360 ","$44,056,320 ","4,931",4931,"$34,200,472 ","$52,070,508 ",$880 ,"$4,210,069 ",50
36,"Burlington, NC","5,571","$2,618,748 ","$31,424,976 ","1,038","$497,202 ","$5,966,424 ","1,985",1985,"$10,307,132 ","$11,411,558 ",$479 ,"$1,695,077 ",30,"8,562","$3,578,933 ","$42,947,196 ","1,038","$497,202 ","$5,966,424 ","3,175",3175,"$14,600,911 ","$18,249,944 ",$479 ,"$2,710,853 ",50
37,"Canton-Massillon, OH","12,430","$4,800,154 ","$57,601,848 ","1,687","$826,630 ","$9,919,560 ","4,780",4780,"$19,681,410 ","$28,104,346 ",$490 ,"$4,080,913 ",30,"20,003","$6,848,080 ","$82,176,960 ","1,687","$826,630 ","$9,919,560 ","7,952",7952,"$29,824,700 ","$46,755,212 ",$490 ,"$6,789,128 ",50
38,"Cape Coral-Fort Myers, FL","13,844","$11,155,066 ","$133,860,792 ","2,640","$2,061,840 ","$24,742,080 ","5,313",5313,"$48,412,172 ","$49,792,404 ",$781 ,"$4,536,199 ",30,"23,084","$17,038,898 ","$204,466,776 ","2,640","$2,061,840 ","$24,742,080 ","9,147",9147,"$78,042,848 ","$85,724,640 ",$781 ,"$7,809,705 ",50
39,"Champaign-Urbana, IL","13,726","$10,282,315 ","$123,387,780 ","2,237","$735,973 ","$8,831,676 ","4,962",4962,"$49,411,732 ","$19,589,582 ",$329 ,"$4,236,520 ",30,"19,940","$12,359,197 ","$148,310,364 ","2,237","$735,973 ","$8,831,676 ","7,057",7057,"$58,357,556 ","$27,860,284 ",$329 ,"$6,025,175 ",50
40,"Charleston-North Charleston, SC","19,644","$14,086,182 ","$169,034,184 ","5,563","$3,827,344 ","$45,928,128 ","7,474",7474,"$55,187,352 ","$61,707,428 ",$688 ,"$6,381,592 ",30,"33,645","$21,237,618 ","$254,851,416 ","5,563","$3,827,344 ","$45,928,128 ","12,646",12646,"$85,387,424 ","$104,407,736 ",$688 ,"$10,797,525 ",50
41,"Charleston, WV","6,366","$2,633,310 ","$31,599,720 ","3,699","$2,130,624 ","$25,567,488 ","2,588",2588,"$10,528,148 ","$17,887,088 ",$576 ,"$2,209,516 ",30,"8,679","$3,340,034 ","$40,080,408 ","3,699","$2,130,624 ","$25,567,488 ","3,659",3659,"$13,743,219 ","$25,291,062 ",$576 ,"$3,124,098 ",50
42,"Charlotte-Concord-Gastonia, NC-SC","69,352","$39,920,168 ","$479,042,016 ","14,554","$9,227,236 ","$110,726,832 ","26,471",26471,"$160,447,984 ","$201,388,848 ",$634 ,"$22,600,922 ",30,"122,505","$61,987,572 ","$743,850,864 ","14,554","$9,227,236 ","$110,726,832 ","46,177",46177,"$254,524,960 ","$351,311,008 ",$634 ,"$39,425,980 ",50
43,"Chattanooga, TN-GA","15,780","$7,381,362 ","$88,576,344 ","4,122","$2,382,516 ","$28,590,192 ","6,199",6199,"$30,253,914 ","$42,998,332 ",$578 ,"$5,293,023 ",30,"26,257","$10,768,565 ","$129,222,780 ","4,122","$2,382,516 ","$28,590,192 ","10,472",10472,"$45,776,628 ","$72,636,800 ",$578 ,"$8,941,469 ",50
44,"Chicago-Naperville-Elgin, IL-IN-WI","273,086","$190,837,728 ","$2,290,052,736 ","92,516","$85,392,268 ","$1,024,707,216 ","112,064",112064,"$849,289,600 ","$1,241,216,384 ",$923 ,"$95,681,016 ",30,"443,836","$273,518,016 ","$3,282,216,192 ","92,516","$85,392,268 ","$1,024,707,216 ","183,743",183743,"$1,252,912,128 ","$2,035,141,248 ",$923 ,"$156,881,904 ",50
45,"Chico, CA","9,090","$6,363,528 ","$76,362,336 ","2,130","$1,188,540 ","$14,262,480 ","3,328",3328,"$25,541,956 ","$22,281,522 ",$558 ,"$2,841,127 ",30,"13,825","$8,478,644 ","$101,743,728 ","2,130","$1,188,540 ","$14,262,480 ","5,223",5223,"$34,736,076 ","$34,972,216 ",$558 ,"$4,459,323 ",50
46,"Cincinnati, OH-KY-IN","59,724","$30,964,806 ","$371,577,672 ","20,103","$12,906,126 ","$154,873,512 ","21,930",21930,"$123,808,296 ","$168,948,624 ",$642 ,"$18,724,044 ",30,"81,667","$38,701,704 ","$464,420,448 ","20,103","$12,906,126 ","$154,873,512 ","31,042",31042,"$160,967,344 ","$239,150,192 ",$642 ,"$26,504,260 ",50
47,"Clarksville, TN-KY","10,114","$5,268,193 ","$63,218,316 ","1,859","$1,007,578 ","$12,090,936 ","3,473",3473,"$19,289,954 ","$22,585,550 ",$542 ,"$2,964,909 ",30,"14,252","$6,789,710 ","$81,476,520 ","1,859","$1,007,578 ","$12,090,936 ","5,041",5041,"$25,367,956 ","$32,787,216 ",$542 ,"$4,304,129 ",50
48,"Cleveland-Elyria, OH","84,866","$40,273,144 ","$483,277,728 ","21,783","$14,202,516 ","$170,430,192 ","42,115",42115,"$214,156,752 ","$329,507,744 ",$652 ,"$35,958,204 ",30,"133,201","$57,356,184 ","$688,274,208 ","21,783","$14,202,516 ","$170,430,192 ","66,306",66306,"$315,531,712 ","$518,776,512 ",$652 ,"$56,612,544 ",50
49,"Coeur d'Alene, ID","3,746","$2,214,750 ","$26,577,000 ","1,045","$590,425 ","$7,085,100 ","1,354",1354,"$9,180,764 ","$9,180,125 ",$565 ,"$1,156,060 ",30,"6,039","$3,078,282 ","$36,939,384 ","1,045","$590,425 ","$7,085,100 ","2,258",2258,"$13,464,252 ","$15,311,842 ",$565 ,"$1,928,231 ",50
50,"College Station-Bryan, TX","13,368","$10,463,064 ","$125,556,768 ","1,866","$1,026,300 ","$12,315,600 ","4,394",4394,"$38,369,624 ","$29,001,466 ",$550 ,"$3,751,779 ",30,"19,277","$13,232,043 ","$158,784,516 ","1,866","$1,026,300 ","$12,315,600 ","6,368",6368,"$49,509,360 ","$42,031,872 ",$550 ,"$5,437,460 ",50
51,"Colorado Springs, CO","17,485","$12,231,174 ","$146,774,088 ","3,187","$2,540,039 ","$30,480,468 ","6,406",6406,"$50,374,372 ","$61,264,028 ",$797 ,"$5,469,243 ",30,"34,310","$20,233,502 ","$242,802,024 ","3,187","$2,540,039 ","$30,480,468 ","12,237",12237,"$82,837,632 ","$117,036,760 ",$797 ,"$10,448,260 ",50
52,"Columbia, MO","9,195","$6,882,231 ","$82,586,772 ","1,929","$945,210 ","$11,342,520 ","2,994",2994,"$26,418,796 ","$17,604,272 ",$490 ,"$2,556,242 ",30,"14,896","$9,080,975 ","$108,971,700 ","1,929","$945,210 ","$11,342,520 ","4,969",4969,"$35,592,976 ","$29,218,454 ",$490 ,"$4,242,688 ",50
53,"Columbia, SC","24,648","$15,270,806 ","$183,249,672 ","5,522","$3,517,514 ","$42,210,168 ","9,191",9191,"$62,207,696 ","$70,256,160 ",$637 ,"$7,847,385 ",30,"38,497","$20,544,958 ","$246,539,496 ","5,522","$3,517,514 ","$42,210,168 ","14,421",14421,"$84,800,208 ","$110,231,224 ",$637 ,"$12,312,470 ",50
54,"Columbus, OH","67,695","$37,628,220 ","$451,538,640 ","18,632","$11,961,744 ","$143,540,928 ","24,416",24416,"$150,782,224 ","$188,101,792 ",$642 ,"$20,846,726 ",30,"112,336","$54,391,396 ","$652,696,752 ","18,632","$11,961,744 ","$143,540,928 ","40,403",40403,"$221,067,856 ","$311,263,264 ",$642 ,"$34,496,324 ",50
55,"Corpus Christi, TX","15,169","$8,055,667 ","$96,668,004 ","4,036","$2,663,760 ","$31,965,120 ","5,753",5753,"$31,319,284 ","$45,566,216 ",$660 ,"$4,912,234 ",30,"23,326","$11,282,507 ","$135,390,084 ","4,036","$2,663,760 ","$31,965,120 ","8,700",8700,"$44,636,620 ","$68,903,600 ",$660 ,"$7,428,105 ",50
56,"Dallas-Fort Worth-Arlington, TX","192,375","$131,715,408 ","$1,580,584,896 ","48,976","$49,220,880 ","$590,650,560 ","66,731",66731,"$514,561,920 ","$804,780,736 ","$1,005 ","$56,975,940 ",30,"352,247","$205,014,528 ","$2,460,174,336 ","48,976","$49,220,880 ","$590,650,560 ","119,784",119784,"$805,982,144 ","$1,444,596,864 ","$1,005 ","$102,272,904 ",50
57,"Daphne-Fairhope-Foley, AL","3,904","$2,548,831 ","$30,585,972 ",277,"$291,127 ","$3,493,524 ","1,550",1550,"$10,465,012 ","$19,551,326 ","$1,051 ","$1,323,590 ",30,"7,072","$3,703,902 ","$44,446,824 ",277,"$291,127 ","$3,493,524 ","2,946",2946,"$15,385,695 ","$37,153,428 ","$1,051 ","$2,515,221 ",50
58,"Dayton, OH","30,823","$14,133,015 ","$169,596,180 ",, $-   ,#VALUE!,"9,811",9811,"$49,169,736 ", $-   ,,"$8,376,337 ",30,"49,870","$20,263,704 ","$243,164,448 ",, $-   ,#VALUE!,"16,185",16185,"$72,977,168 ", $-   ,,"$13,818,997 ",50
59,"Decatur, AL","3,875","$1,243,054 ","$14,916,648 ",805,"$404,110 ","$4,849,320 ","1,619",1619,"$4,942,995 ","$9,753,576 ",$502 ,"$1,382,420 ",30,"5,918","$1,727,789 ","$20,733,468 ",805,"$404,110 ","$4,849,320 ","2,488",2488,"$6,998,483 ","$14,986,810 ",$502 ,"$2,124,151 ",50
60,"Decatur, IL","5,033","$1,995,276 ","$23,943,312 ","1,242","$701,730 ","$8,420,760 ","1,799",1799,"$8,235,188 ","$12,198,313 ",$565 ,"$1,536,142 ",30,"7,399","$2,600,174 ","$31,202,088 ","1,242","$701,730 ","$8,420,760 ","2,672",2672,"$10,836,568 ","$18,114,926 ",$565 ,"$2,281,225 ",50
61,"Deltona-Daytona Beach-Ormond Beach, FL","15,315","$11,386,923 ","$136,643,076 ","3,497","$2,724,163 ","$32,689,956 ","5,849",5849,"$48,899,400 ","$54,675,668 ",$779 ,"$4,993,863 ",30,"23,368","$15,647,119 ","$187,765,428 ","3,497","$2,724,163 ","$32,689,956 ","9,316",9316,"$69,376,784 ","$87,087,584 ",$779 ,"$7,954,242 ",50
62,"Denver-Aurora-Lakewood, CO","75,689","$60,220,604 ","$722,647,248 ","19,450","$21,570,050 ","$258,840,600 ","28,862",28862,"$254,031,344 ","$384,093,408 ","$1,109 ","$24,642,530 ",30,"140,244","$98,449,728 ","$1,181,396,736 ","19,450","$21,570,050 ","$258,840,600 ","51,442",51442,"$412,504,096 ","$684,583,488 ","$1,109 ","$43,921,268 ",50
63,"Des Moines-West Des Moines, IA","18,749","$9,885,421 ","$118,625,052 ","4,461","$2,136,819 ","$25,641,828 ","6,978",6978,"$39,744,912 ","$40,111,528 ",$479 ,"$5,958,181 ",30,"33,640","$15,795,716 ","$189,548,592 ","4,461","$2,136,819 ","$25,641,828 ","12,355",12355,"$64,615,376 ","$71,016,592 ",$479 ,"$10,548,830 ",50
64,"Detroit-Warren-Dearborn, MI","140,751","$79,756,416 ","$957,076,992 ","29,964","$18,128,220 ","$217,538,640 ","78,033",78033,"$479,276,032 ","$566,520,256 ",$605 ,"$66,625,436 ",30,"220,856","$111,962,096 ","$1,343,545,152 ","29,964","$18,128,220 ","$217,538,640 ","122,770",122770,"$692,188,608 ","$891,312,448 ",$605 ,"$104,822,520 ",50
65,"Dover, DE","4,206","$2,370,407 ","$28,444,884 ","1,015","$631,330 ","$7,575,960 ","1,522",1522,"$8,827,758 ","$11,360,378 ",$622 ,"$1,299,518 ",30,"6,510","$3,414,830 ","$40,977,960 ","1,015","$631,330 ","$7,575,960 ","2,381",2381,"$12,911,326 ","$17,773,820 ",$622 ,"$2,033,155 ",50
66,"East Stroudsburg, PA","2,583","$1,659,903 ","$19,918,836 ",506,"$660,836 ","$7,930,032 ","1,071",1071,"$6,685,572 ","$16,779,804 ","$1,306 ","$914,163 ",30,"4,883","$3,100,569 ","$37,206,828 ",506,"$660,836 ","$7,930,032 ","2,073",2073,"$13,721,293 ","$32,486,890 ","$1,306 ","$1,769,885 ",50
67,"Eau Claire, WI","4,624","$1,946,767 ","$23,361,204 ","1,209","$522,288 ","$6,267,456 ","1,834",1834,"$8,888,095 ","$9,508,490 ",$432 ,"$1,566,058 ",30,"8,173","$2,865,015 ","$34,380,180 ","1,209","$522,288 ","$6,267,456 ","3,151",3151,"$12,923,425 ","$16,335,940 ",$432 ,"$2,690,546 ",50
68,"El Centro, CA","7,311","$3,055,537 ","$36,666,444 ","1,970","$931,810 ","$11,181,720 ","2,817",2817,"$12,929,562 ","$15,988,201 ",$473 ,"$2,405,019 ",30,"9,672","$3,934,430 ","$47,213,160 ","1,970","$931,810 ","$11,181,720 ","3,800",3800,"$17,009,088 ","$21,571,046 ",$473 ,"$3,244,816 ",50
69,"El Paso, TX","28,860","$12,448,328 ","$149,379,936 ","6,604","$3,526,536 ","$42,318,432 ","15,126",15126,"$68,410,032 ","$96,925,008 ",$534 ,"$12,914,410 ",30,"39,017","$15,550,422 ","$186,605,064 ","6,604","$3,526,536 ","$42,318,432 ","20,686",20686,"$86,986,736 ","$132,558,736 ",$534 ,"$17,662,294 ",50
70,"Elkhart-Goshen, IN","5,219","$2,459,689 ","$29,516,268 ",997,"$575,269 ","$6,903,228 ","1,787",1787,"$9,732,141 ","$12,371,157 ",$577 ,"$1,525,508 ",30,"8,445","$3,508,574 ","$42,102,888 ",997,"$575,269 ","$6,903,228 ","3,032",3032,"$14,665,507 ","$20,993,698 ",$577 ,"$2,588,768 ",50
71,"Erie, PA","10,481","$4,870,152 ","$58,441,824 ","2,190","$959,220 ","$11,510,640 ","3,611",3611,"$19,302,168 ","$18,977,300 ",$438 ,"$3,082,764 ",30,"17,477","$7,320,355 ","$87,844,260 ","2,190","$959,220 ","$11,510,640 ","6,373",6373,"$30,811,034 ","$33,494,740 ",$438 ,"$5,441,047 ",50
72,"Eugene, OR","15,344","$10,523,568 ","$126,282,816 ","3,148","$2,002,128 ","$24,025,536 ","5,523",5523,"$41,128,516 ","$42,151,444 ",$636 ,"$4,715,582 ",30,"24,009","$14,347,621 ","$172,171,452 ","3,148","$2,002,128 ","$24,025,536 ","8,860",8860,"$58,055,720 ","$67,621,208 ",$636 ,"$7,564,945 ",50
73,"Fayetteville-Springdale-Rogers, AR-MO","15,833","$8,284,179 ","$99,410,148 ","1,314","$583,416 ","$7,000,992 ","5,817",5817,"$32,622,592 ","$30,991,488 ",$444 ,"$4,966,375 ",30,"26,925","$12,135,667 ","$145,628,004 ","1,314","$583,416 ","$7,000,992 ","9,849",9849,"$48,504,080 ","$52,473,804 ",$444 ,"$8,408,908 ",50
74,"Fayetteville, NC","13,092","$7,290,998 ","$87,491,976 ","2,501","$1,590,636 ","$19,087,632 ","4,640",4640,"$27,411,146 ","$35,411,332 ",$636 ,"$3,961,550 ",30,"18,450","$9,439,701 ","$113,276,412 ","2,501","$1,590,636 ","$19,087,632 ","6,612",6612,"$36,246,248 ","$50,465,004 ",$636 ,"$5,645,640 ",50
75,"Flagstaff, AZ","3,827","$3,594,333 ","$43,131,996 ",486,"$527,310 ","$6,327,720 ","1,482",1482,"$13,978,756 ","$19,300,078 ","$1,085 ","$1,265,637 ",30,"6,147","$5,030,360 ","$60,364,320 ",486,"$527,310 ","$6,327,720 ","2,378",2378,"$20,347,320 ","$30,957,186 ","$1,085 ","$2,030,073 ",50
76,"Florence, SC","6,462","$2,700,570 ","$32,406,840 ","1,304","$644,176 ","$7,730,112 ","2,807",2807,"$10,748,039 ","$16,640,649 ",$494 ,"$2,396,753 ",30,"8,411","$3,525,035 ","$42,300,420 ","1,304","$644,176 ","$7,730,112 ","3,769",3769,"$15,149,096 ","$22,340,264 ",$494 ,"$3,217,669 ",50
77,"Fort Collins, CO","10,931","$10,054,127 ","$120,649,524 ","2,321","$2,235,123 ","$26,821,476 ","3,881",3881,"$41,189,316 ","$44,853,240 ",$963 ,"$3,313,962 ",30,"19,362","$14,914,912 ","$178,978,944 ","2,321","$2,235,123 ","$26,821,476 ","6,788",6788,"$61,128,476 ","$78,442,440 ",$963 ,"$5,795,685 ",50
78,"Fort Wayne, IN","11,116","$5,241,831 ","$62,901,972 ","3,310","$1,936,350 ","$23,236,200 ","3,940",3940,"$20,434,398 ","$27,658,728 ",$585 ,"$3,364,003 ",30,"18,423","$7,561,673 ","$90,740,076 ","3,310","$1,936,350 ","$23,236,200 ","6,696",6696,"$30,861,924 ","$47,008,160 ",$585 ,"$5,717,384 ",50
79,"Fresno, CA","42,481","$24,720,672 ","$296,648,064 ","12,903","$7,909,539 ","$94,914,468 ","14,048",14048,"$92,074,800 ","$103,338,968 ",$613 ,"$11,994,541 ",30,"60,607","$32,736,408 ","$392,836,896 ","12,903","$7,909,539 ","$94,914,468 ","20,581",20581,"$125,814,872 ","$151,397,072 ",$613 ,"$17,572,638 ",50
80,"Gadsden, AL","3,193","$1,043,299 ","$12,519,588 ",178,"$71,378 ","$856,536 ","1,220",1220,"$4,209,280 ","$5,869,292 ",$401 ,"$1,041,409 ",30,"4,304","$1,340,498 ","$16,085,976 ",178,"$71,378 ","$856,536 ","1,762",1762,"$5,768,528 ","$8,479,796 ",$401 ,"$1,504,600 ",50
81,"Gainesville, FL","13,693","$10,102,818 ","$121,233,816 ","3,114","$2,229,624 ","$26,755,488 ","4,633",4633,"$38,242,948 ","$39,810,276 ",$716 ,"$3,956,054 ",30,"20,271","$12,918,525 ","$155,022,300 ","3,114","$2,229,624 ","$26,755,488 ","6,941",6941,"$49,740,140 ","$59,635,468 ",$716 ,"$5,926,136 ",50
82,"Gainesville, GA","4,331","$2,364,403 ","$28,372,836 ",200,"$139,600 ","$1,675,200 ","1,579",1579,"$9,871,868 ","$13,228,387 ",$698 ,"$1,348,440 ",30,"6,624","$3,229,196 ","$38,750,352 ",200,"$139,600 ","$1,675,200 ","2,461",2461,"$13,453,631 ","$20,613,528 ",$698 ,"$2,101,246 ",50
83,"Glens Falls, NY","2,887","$1,505,411 ","$18,064,932 ",988,"$656,032 ","$7,872,384 ","1,070",1070,"$6,368,380 ","$8,523,315 ",$664 ,"$913,315 ",30,"5,253","$2,296,762 ","$27,561,144 ",988,"$656,032 ","$7,872,384 ","2,031",2031,"$9,766,059 ","$16,183,842 ",$664 ,"$1,734,178 ",50
84,"Goldsboro, NC","4,842","$1,931,934 ","$23,183,208 ",282,"$152,562 ","$1,830,744 ","1,890",1890,"$8,165,960 ","$12,267,504 ",$541 ,"$1,613,388 ",30,"7,184","$2,629,489 ","$31,553,868 ",282,"$152,562 ","$1,830,744 ","2,884",2884,"$11,343,022 ","$18,725,928 ",$541 ,"$2,462,783 ",50
85,"Grand Junction, CO","4,897","$2,638,270 ","$31,659,240 ","1,215","$767,880 ","$9,214,560 ","1,744",1744,"$10,534,353 ","$13,226,934 ",$632 ,"$1,489,094 ",30,"7,919","$3,874,599 ","$46,495,188 ","1,215","$767,880 ","$9,214,560 ","2,994",2994,"$16,578,377 ","$22,708,692 ",$632 ,"$2,556,554 ",50
86,"Grand Rapids-Wyoming, MI","20,135","$11,942,045 ","$143,304,540 ","7,960","$5,022,760 ","$60,273,120 ","7,371",7371,"$48,906,516 ","$55,816,564 ",$631 ,"$6,293,811 ",30,"35,708","$18,171,800 ","$218,061,600 ","7,960","$5,022,760 ","$60,273,120 ","13,357",13357,"$77,870,336 ","$101,141,712 ",$631 ,"$11,404,622 ",50
87,"Greensboro-High Point, NC","27,767","$13,536,934 ","$162,443,208 ","7,985","$4,144,215 ","$49,730,580 ","10,205",10205,"$53,152,312 ","$63,557,104 ",$519 ,"$8,713,181 ",30,"43,551","$19,060,108 ","$228,721,296 ","7,985","$4,144,215 ","$49,730,580 ","16,537",16537,"$79,326,976 ","$102,994,640 ",$519 ,"$14,119,758 ",50
88,"Greenville-Anderson-Mauldin, SC","28,509","$14,674,043 ","$176,088,516 ","4,726","$2,802,518 ","$33,630,216 ","11,094",11094,"$59,443,860 ","$78,948,136 ",$593 ,"$9,472,557 ",30,"46,479","$21,055,832 ","$252,669,984 ","4,726","$2,802,518 ","$33,630,216 ","17,917",17917,"$86,319,704 ","$127,500,088 ",$593 ,"$15,298,041 ",50
89,"Greenville, NC","10,208","$5,450,435 ","$65,405,220 ","1,291","$715,214 ","$8,582,568 ","3,541",3541,"$20,701,956 ","$23,541,512 ",$554 ,"$3,023,463 ",30,"15,377","$7,596,934 ","$91,163,208 ","1,291","$715,214 ","$8,582,568 ","5,346",5346,"$28,903,910 ","$35,538,116 ",$554 ,"$4,564,200 ",50
90,"Gulfport-Biloxi-Pascagoula, MS","13,262","$6,986,483 ","$83,837,796 ","8,065","$4,871,260 ","$58,455,120 ","4,829",4829,"$26,442,992 ","$34,997,940 ",$604 ,"$4,122,736 ",30,"20,129","$9,177,412 ","$110,128,944 ","8,065","$4,871,260 ","$58,455,120 ","7,431",7431,"$35,571,184 ","$53,858,212 ",$604 ,"$6,344,465 ",50
91,"Hanford-Corcoran, CA","4,518","$2,325,849 ","$27,910,188 ",707,"$490,658 ","$5,887,896 ","1,579",1579,"$8,850,024 ","$13,150,913 ",$694 ,"$1,348,269 ",30,"6,783","$3,111,204 ","$37,334,448 ",707,"$490,658 ","$5,887,896 ","2,488",2488,"$12,307,457 ","$20,717,380 ",$694 ,"$2,124,004 ",50
92,"Harrisburg-Carlisle, PA","16,443","$8,775,431 ","$105,305,172 ","3,937","$2,555,113 ","$30,661,356 ","6,419",6419,"$37,655,236 ","$49,989,784 ",$649 ,"$5,480,454 ",30,"28,485","$13,175,313 ","$158,103,756 ","3,937","$2,555,113 ","$30,661,356 ","11,017",11017,"$57,454,636 ","$85,799,016 ",$649 ,"$9,406,274 ",50
93,"Harrisonburg, VA","4,037","$2,678,432 ","$32,141,184 ",950,"$665,950 ","$7,991,400 ","1,465",1465,"$10,236,799 ","$12,324,692 ",$701 ,"$1,250,945 ",30,"5,977","$3,539,891 ","$42,478,692 ",950,"$665,950 ","$7,991,400 ","2,201",2201,"$13,866,282 ","$18,518,092 ",$701 ,"$1,879,569 ",50
94,"Hartford-West Hartford-East Hartford, CT","49,465","$30,816,560 ","$369,798,720 ","16,349","$14,256,328 ","$171,075,936 ","25,278",25278,"$168,150,928 ","$264,512,368 ",$872 ,"$21,582,884 ",30,"78,567","$44,213,996 ","$530,567,952 ","16,349","$14,256,328 ","$171,075,936 ","39,305",39305,"$241,039,392 ","$411,284,992 ",$872 ,"$33,558,796 ",50
95,"Hickory-Lenoir-Morganton, NC","10,679","$4,147,089 ","$49,765,068 ","1,742","$860,548 ","$10,326,576 ","4,270",4270,"$16,839,498 ","$25,311,676 ",$494 ,"$3,645,642 ",30,"14,369","$4,996,465 ","$59,957,580 ","1,742","$860,548 ","$10,326,576 ","6,041",6041,"$20,774,722 ","$35,811,940 ",$494 ,"$5,157,994 ",50
96,"Hilton Head Island-Bluffton-Beaufort, SC","3,672","$2,665,485 ","$31,985,820 ",619,"$437,014 ","$5,244,168 ","1,427",1427,"$11,063,410 ","$12,090,854 ",$706 ,"$1,218,519 ",30,"7,247","$4,475,949 ","$53,711,388 ",619,"$437,014 ","$5,244,168 ","2,680",2680,"$18,376,390 ","$22,706,024 ",$706 ,"$2,288,318 ",50
97,"Homosassa Springs, FL","2,808","$1,329,657 ","$15,955,884 ",256,"$120,320 ","$1,443,840 ","1,123",1123,"$5,528,032 ","$6,335,214 ",$470 ,"$959,055 ",30,"3,704","$1,995,593 ","$23,947,116 ",256,"$120,320 ","$1,443,840 ","1,541",1541,"$8,741,414 ","$8,689,126 ",$470 ,"$1,315,401 ",50
98,"Houma-Thibodaux, LA","5,183","$2,394,665 ","$28,735,980 ","1,092","$642,096 ","$7,705,152 ","2,143",2143,"$9,057,147 ","$15,119,951 ",$588 ,"$1,829,587 ",30,"7,519","$3,208,592 ","$38,503,104 ","1,092","$642,096 ","$7,705,152 ","3,341",3341,"$12,953,935 ","$23,571,084 ",$588 ,"$2,852,215 ",50
99,"Houston-The Woodlands-Sugar Land, TX","236,736","$149,311,440 ","$1,791,737,280 ","29,983","$25,215,703 ","$302,588,436 ","85,050",85050,"$598,153,664 ","$858,325,696 ",$841 ,"$72,616,632 ",30,"407,643","$227,806,912 ","$2,733,682,944 ","29,983","$25,215,703 ","$302,588,436 ","143,622",143622,"$907,078,656 ","$1,449,428,736 ",$841 ,"$122,625,512 ",50
100,"Huntsville, AL","14,563","$6,577,264 ","$78,927,168 ","2,141","$1,263,190 ","$15,158,280 ","5,598",5598,"$26,718,472 ","$39,637,000 ",$590 ,"$4,780,010 ",30,"24,489","$9,782,645 ","$117,391,740 ","2,141","$1,263,190 ","$15,158,280 ","9,252",9252,"$39,781,512 ","$65,503,452 ",$590 ,"$7,899,364 ",50
101,"Indianapolis-Carmel-Anderson, IN","66,621","$39,645,016 ","$475,740,192 ","12,273","$7,425,165 ","$89,101,980 ","26,506",26506,"$175,953,296 ","$192,431,264 ",$605 ,"$22,630,818 ",30,"114,155","$57,214,496 ","$686,573,952 ","12,273","$7,425,165 ","$89,101,980 ","45,478",45478,"$259,178,496 ","$330,170,528 ",$605 ,"$38,829,600 ",50
102,"Iowa City, IA","10,208","$8,220,603 ","$98,647,236 ","1,459","$776,188 ","$9,314,256 ","3,387",3387,"$31,620,886 ","$21,620,028 ",$532 ,"$2,891,509 ",30,"14,215","$10,112,451 ","$121,349,412 ","1,459","$776,188 ","$9,314,256 ","4,669",4669,"$38,668,092 ","$29,808,716 ",$532 ,"$3,986,682 ",50
103,"Ithaca, NY","6,712","$6,375,796 ","$76,509,552 ","2,229","$2,019,474 ","$24,233,688 ","2,254",2254,"$23,707,372 ","$24,507,238 ",$906 ,"$1,924,625 ",30,"9,445","$7,859,959 ","$94,319,508 ","2,229","$2,019,474 ","$24,233,688 ","3,208",3208,"$29,602,812 ","$34,880,264 ",$906 ,"$2,739,249 ",50
104,"Jackson, MI","4,570","$2,020,203 ","$24,242,436 ",867,"$472,515 ","$5,670,180 ","1,644",1644,"$8,264,990 ","$10,749,735 ",$545 ,"$1,403,399 ",30,"7,293","$2,786,577 ","$33,438,924 ",867,"$472,515 ","$5,670,180 ","2,703",2703,"$11,933,740 ","$17,675,492 ",$545 ,"$2,307,571 ",50
105,"Jackson, MS","19,314","$9,465,847 ","$113,590,164 ","5,766","$3,482,664 ","$41,791,968 ","7,442",7442,"$36,458,684 ","$53,942,732 ",$604 ,"$6,354,422 ",30,"30,052","$12,980,375 ","$155,764,500 ","5,766","$3,482,664 ","$41,791,968 ","11,695",11695,"$51,402,792 ","$84,762,984 ",$604 ,"$9,985,028 ",50
106,"Jackson, TN","4,567","$2,021,955 ","$24,263,460 ","2,042","$1,210,906 ","$14,530,872 ","1,626",1626,"$7,806,182 ","$11,569,233 ",$593 ,"$1,388,129 ",30,"5,898","$2,521,021 ","$30,252,252 ","2,042","$1,210,906 ","$14,530,872 ","2,149",2149,"$10,144,618 ","$15,293,105 ",$593 ,"$1,834,936 ",50
107,"Jacksonville, FL","38,298","$24,657,954 ","$295,895,448 ","7,881","$5,366,961 ","$64,403,532 ","14,680",14680,"$101,438,432 ","$119,963,536 ",$681 ,"$12,533,782 ",30,"66,237","$37,025,872 ","$444,310,464 ","7,881","$5,366,961 ","$64,403,532 ","25,134",25134,"$153,617,088 ","$205,396,368 ",$681 ,"$21,459,798 ",50
108,"Janesville-Beloit, WI","4,275","$2,154,529 ","$25,854,348 ","1,424","$706,304 ","$8,475,648 ","1,568",1568,"$8,585,919 ","$9,330,092 ",$496 ,"$1,338,395 ",30,"7,596","$3,209,335 ","$38,512,020 ","1,424","$706,304 ","$8,475,648 ","2,896",2896,"$13,504,116 ","$17,236,534 ",$496 ,"$2,472,568 ",50
109,"Jefferson City, MO","4,111","$1,542,509 ","$18,510,108 ",651,"$283,185 ","$3,398,220 ","1,558",1558,"$6,303,526 ","$8,130,271 ",$435 ,"$1,329,829 ",30,"6,322","$2,089,942 ","$25,079,304 ",651,"$283,185 ","$3,398,220 ","2,528",2528,"$8,979,326 ","$13,193,754 ",$435 ,"$2,158,038 ",50
110,"Johnstown, PA","4,745","$1,667,866 ","$20,014,392 ",953,"$336,409 ","$4,036,908 ","1,797",1797,"$6,434,392 ","$7,613,881 ",$353 ,"$1,534,657 ",30,"7,193","$2,338,875 ","$28,066,500 ",953,"$336,409 ","$4,036,908 ","3,061",3061,"$9,866,952 ","$12,967,267 ",$353 ,"$2,613,688 ",50
111,"Joplin, MO","5,602","$2,327,979 ","$27,935,748 ","1,004","$374,492 ","$4,493,904 ","1,998",1998,"$8,775,003 ","$8,941,960 ",$373 ,"$1,705,705 ",30,"7,525","$3,074,021 ","$36,888,252 ","1,004","$374,492 ","$4,493,904 ","2,869",2869,"$12,744,498 ","$12,841,147 ",$373 ,"$2,449,486 ",50
112,"Kalamazoo-Portage, MI","11,636","$5,709,134 ","$68,509,608 ","1,295","$761,460 ","$9,137,520 ","4,478",4478,"$23,620,930 ","$31,599,032 ",$588 ,"$3,823,635 ",30,"19,746","$8,306,767 ","$99,681,204 ","1,295","$761,460 ","$9,137,520 ","7,553",7553,"$34,575,344 ","$53,293,108 ",$588 ,"$6,448,723 ",50
113,"Kankakee, IL","3,285","$1,897,494 ","$22,769,928 ",822,"$438,948 ","$5,267,376 ","1,207",1207,"$8,310,223 ","$7,732,133 ",$534 ,"$1,030,239 ",30,"4,975","$2,479,352 ","$29,752,224 ",822,"$438,948 ","$5,267,376 ","1,862",1862,"$10,868,602 ","$11,930,366 ",$534 ,"$1,589,617 ",50
114,"Kansas City, MO-KS","64,435","$34,879,008 ","$418,548,096 ","17,030","$10,218,000 ","$122,616,000 ","24,452",24452,"$145,208,832 ","$176,052,608 ",$600 ,"$20,877,150 ",30,"113,693","$53,623,844 ","$643,486,128 ","17,030","$10,218,000 ","$122,616,000 ","42,640",42640,"$226,571,280 ","$307,008,896 ",$600 ,"$36,406,564 ",50
115,"Knoxville, TN","28,135","$12,511,032 ","$150,132,384 ","6,164","$3,679,908 ","$44,158,896 ","10,955",10955,"$50,043,216 ","$78,484,576 ",$597 ,"$9,353,841 ",30,"36,257","$15,258,921 ","$183,107,052 ","6,164","$3,679,908 ","$44,158,896 ","14,513",14513,"$62,263,772 ","$103,972,400 ",$597 ,"$12,391,495 ",50
116,"La Crosse-Onalaska, WI-MN","4,154","$2,548,215 ","$30,578,580 ",219,"$107,091 ","$1,285,092 ","1,482",1482,"$10,330,106 ","$8,698,862 ",$489 ,"$1,265,708 ",30,"7,554","$4,294,933 ","$51,539,196 ",219,"$107,091 ","$1,285,092 ","2,748",2748,"$18,482,510 ","$16,126,079 ",$489 ,"$2,346,389 ",50
117,"Lafayette-West Lafayette, IN","9,226","$6,421,858 ","$77,062,296 ","1,462","$763,164 ","$9,157,968 ","2,994",2994,"$23,557,778 ","$18,755,884 ",$522 ,"$2,556,507 ",30,"14,293","$8,017,297 ","$96,207,564 ","1,462","$763,164 ","$9,157,968 ","4,736",4736,"$30,007,442 ","$29,664,108 ",$522 ,"$4,043,345 ",50
118,"Lafayette, LA","16,628","$7,778,052 ","$93,336,624 ","3,556","$1,785,112 ","$21,421,344 ","6,538",6538,"$30,508,916 ","$39,386,480 ",$502 ,"$5,582,433 ",30,"21,083","$9,078,274 ","$108,939,288 ","3,556","$1,785,112 ","$21,421,344 ","8,598",8598,"$36,296,868 ","$51,794,976 ",$502 ,"$7,341,148 ",50
119,"Lake Havasu City-Kingman, AZ","4,532","$2,060,086 ","$24,721,032 ",547,"$324,371 ","$3,892,452 ","1,972",1972,"$8,388,461 ","$14,030,734 ",$593 ,"$1,683,471 ",30,"6,978","$2,886,235 ","$34,634,820 ",547,"$324,371 ","$3,892,452 ","3,116",3116,"$12,676,825 ","$22,173,740 ",$593 ,"$2,660,506 ",50
120,"Lakeland-Winter Haven, FL","15,347","$9,542,416 ","$114,508,992 ","2,157","$1,639,320 ","$19,671,840 ","5,670",5670,"$38,907,192 ","$51,713,600 ",$760 ,"$4,841,403 ",30,"22,008","$12,224,755 ","$146,697,060 ","2,157","$1,639,320 ","$19,671,840 ","8,557",8557,"$51,677,504 ","$78,040,728 ",$760 ,"$7,306,135 ",50
121,"Lancaster, PA","13,109","$8,854,613 ","$106,255,356 ","1,884","$1,305,612 ","$15,667,344 ","5,005",5005,"$38,393,092 ","$41,623,800 ",$693 ,"$4,273,547 ",30,"23,107","$13,606,319 ","$163,275,828 ","1,884","$1,305,612 ","$15,667,344 ","9,015",9015,"$61,674,264 ","$74,972,368 ",$693 ,"$7,697,470 ",50
122,"Lansing-East Lansing, MI","17,338","$9,785,218 ","$117,422,616 ","3,798","$2,202,840 ","$26,434,080 ","6,145",6145,"$38,145,640 ","$42,767,964 ",$580 ,"$5,246,511 ",30,"28,013","$13,611,272 ","$163,335,264 ","3,798","$2,202,840 ","$26,434,080 ","9,965",9965,"$54,644,932 ","$69,355,640 ",$580 ,"$8,508,123 ",50
123,"Laredo, TX","9,863","$4,754,444 ","$57,053,328 ","1,621","$833,194 ","$9,998,328 ","3,570",3570,"$17,657,734 ","$22,018,556 ",$514 ,"$3,047,935 ",30,"12,343","$5,505,616 ","$66,067,392 ","1,621","$833,194 ","$9,998,328 ","4,525",4525,"$20,754,294 ","$27,912,452 ",$514 ,"$3,863,802 ",50
124,"Las Cruces, NM","10,215","$4,235,303 ","$50,823,636 ","1,637","$749,746 ","$8,996,952 ","3,627",3627,"$15,486,010 ","$19,934,366 ",$458 ,"$3,096,827 ",30,"12,571","$5,059,432 ","$60,713,184 ","1,637","$749,746 ","$8,996,952 ","4,538",4538,"$19,421,884 ","$24,943,420 ",$458 ,"$3,874,990 ",50
125,"Las Vegas-Henderson-Paradise, NV","71,317","$54,001,780 ","$648,021,360 ","11,673","$9,875,358 ","$118,504,296 ","25,478",25478,"$216,677,008 ","$258,651,760 ",$846 ,"$21,753,296 ",30,"116,187","$75,096,504 ","$901,158,048 ","11,673","$9,875,358 ","$118,504,296 ","42,485",42485,"$309,431,712 ","$431,310,208 ",$846 ,"$36,274,328 ",50
126,"Lawrence, KS","6,599","$3,950,697 ","$47,408,364 ",831,"$464,529 ","$5,574,348 ","2,201",2201,"$15,431,068 ","$14,764,377 ",$559 ,"$1,879,245 ",30,"11,277","$6,100,449 ","$73,205,388 ",831,"$464,529 ","$5,574,348 ","3,738",3738,"$24,960,448 ","$25,075,330 ",$559 ,"$3,191,647 ",50
127,"Lebanon, PA","3,174","$1,596,075 ","$19,152,900 ",771,"$374,706 ","$4,496,472 ","1,221",1221,"$6,762,312 ","$7,118,316 ",$486 ,"$1,042,128 ",30,"5,789","$2,630,974 ","$31,571,688 ",771,"$374,706 ","$4,496,472 ","2,344",2344,"$11,972,506 ","$13,670,806 ",$486 ,"$2,001,418 ",50
128,"Lewiston-Auburn, ME","3,295","$1,318,418 ","$15,821,016 ","2,109","$1,170,495 ","$14,045,940 ","1,239",1239,"$5,520,965 ","$8,254,855 ",$555 ,"$1,058,270 ",30,"6,534","$2,205,964 ","$26,471,568 ","2,109","$1,170,495 ","$14,045,940 ","2,629",2629,"$9,762,084 ","$17,509,622 ",$555 ,"$2,244,729 ",50
129,"Lima, OH","3,547","$1,478,414 ","$17,740,968 ",978,"$428,364 ","$5,140,368 ","1,251",1251,"$5,695,396 ","$6,576,803 ",$438 ,"$1,068,368 ",30,"6,200","$2,291,896 ","$27,502,752 ",978,"$428,364 ","$5,140,368 ","2,299",2299,"$9,641,308 ","$12,084,001 ",$438 ,"$1,962,983 ",50
130,"Lincoln, NE","10,978","$6,032,791 ","$72,393,492 ","3,160","$1,355,640 ","$16,267,680 ","3,909",3909,"$25,272,502 ","$20,125,494 ",$429 ,"$3,337,869 ",30,"20,928","$10,096,961 ","$121,163,532 ","3,160","$1,355,640 ","$16,267,680 ","7,275",7275,"$42,325,476 ","$37,449,504 ",$429 ,"$6,211,104 ",50
131,"Little Rock-North Little Rock-Conway, AR","24,921","$12,960,502 ","$155,526,024 ","6,965","$3,886,470 ","$46,637,640 ","9,111",9111,"$53,707,100 ","$61,005,740 ",$558 ,"$7,778,870 ",30,"39,931","$17,898,782 ","$214,785,384 ","6,965","$3,886,470 ","$46,637,640 ","14,578",14578,"$74,520,768 ","$97,616,704 ",$558 ,"$12,447,151 ",50
132,"Los Angeles-Long Beach-Anaheim, CA","596,074","$546,724,928 ","$6,560,699,136 ","120,365","$147,928,585 ","$1,775,143,020 ","216,395",216395,"$2,185,330,944 ","$3,191,387,136 ","$1,229 ","$184,759,840 ",30,"982,919","$805,164,544 ","$9,661,974,528 ","120,365","$147,928,585 ","$1,775,143,020 ","344,126",344126,"$3,190,977,536 ","$5,075,165,696 ","$1,229 ","$293,817,952 ",50
133,"Louisville/Jefferson County, KY-IN","42,336","$19,203,228 ","$230,438,736 ","14,009","$8,391,391 ","$100,696,692 ","16,104",16104,"$77,513,584 ","$115,757,728 ",$599 ,"$13,750,015 ",30,"68,382","$27,920,888 ","$335,050,656 ","14,009","$8,391,391 ","$100,696,692 ","25,715",25715,"$114,289,112 ","$184,840,176 ",$599 ,"$21,955,816 ",50
134,"Lubbock, TX","13,108","$9,230,983 ","$110,771,796 ","1,569","$969,642 ","$11,635,704 ","4,399",4399,"$34,303,244 ","$32,623,228 ",$618 ,"$3,755,938 ",30,"19,103","$12,087,508 ","$145,050,096 ","1,569","$969,642 ","$11,635,704 ","6,599",6599,"$46,773,024 ","$48,937,480 ",$618 ,"$5,634,211 ",50
135,"Lynchburg, VA","7,076","$3,598,537 ","$43,182,444 ","1,377","$725,679 ","$8,708,148 ","2,811",2811,"$14,561,258 ","$17,777,972 ",$527 ,"$2,400,223 ",30,"11,178","$4,802,918 ","$57,635,016 ","1,377","$725,679 ","$8,708,148 ","4,433",4433,"$19,857,824 ","$28,035,524 ",$527 ,"$3,785,106 ",50
136,"Madera, CA","5,057","$2,857,518 ","$34,290,216 ",773,"$471,530 ","$5,658,360 ","1,807",1807,"$11,357,553 ","$13,223,702 ",$610 ,"$1,542,422 ",30,"7,144","$3,722,833 ","$44,673,996 ",773,"$471,530 ","$5,658,360 ","2,534",2534,"$14,726,169 ","$18,548,306 ",$610 ,"$2,163,488 ",50
137,"Manchester-Nashua, NH","10,679","$7,263,609 ","$87,163,308 ","4,516","$4,064,400 ","$48,772,800 ","4,131",4131,"$30,896,410 ","$44,617,732 ",$900 ,"$3,527,321 ",30,"19,796","$11,471,230 ","$137,654,760 ","4,516","$4,064,400 ","$48,772,800 ","7,637",7637,"$50,496,024 ","$82,478,440 ",$900 ,"$6,520,455 ",50
138,"Mansfield, OH","4,014","$1,544,029 ","$18,528,348 ","1,879","$866,219 ","$10,394,628 ","1,426",1426,"$6,096,995 ","$7,886,469 ",$461 ,"$1,217,199 ",30,"6,521","$2,259,065 ","$27,108,780 ","1,879","$866,219 ","$10,394,628 ","2,384",2384,"$9,352,323 ","$13,188,699 ",$461 ,"$2,035,546 ",50
139,"McAllen-Edinburg-Mission, TX","28,382","$10,876,214 ","$130,514,568 ","6,482","$2,884,490 ","$34,613,880 ","10,727",10727,"$42,326,928 ","$57,282,152 ",$445 ,"$9,158,816 ",30,"34,388","$12,540,227 ","$150,482,724 ","6,482","$2,884,490 ","$34,613,880 ","13,345",13345,"$49,369,668 ","$71,264,288 ",$445 ,"$11,394,413 ",50
140,"Medford, OR","7,024","$4,315,826 ","$51,789,912 ","2,334","$1,391,064 ","$16,692,768 ","2,691",2691,"$17,815,158 ","$19,242,924 ",$596 ,"$2,297,232 ",30,"11,084","$6,155,960 ","$73,871,520 ","2,334","$1,391,064 ","$16,692,768 ","4,415",4415,"$26,841,224 ","$31,578,644 ",$596 ,"$3,769,877 ",50
141,"Memphis, TN-MS-AR","49,464","$28,878,508 ","$346,542,096 ","9,795","$5,896,590 ","$70,759,080 ","17,620",17620,"$113,047,072 ","$127,283,832 ",$602 ,"$15,043,772 ",30,"74,097","$38,168,176 ","$458,018,112 ","9,795","$5,896,590 ","$70,759,080 ","26,997",26997,"$153,052,960 ","$195,024,896 ",$602 ,"$23,050,140 ",50
142,"Merced, CA","9,904","$5,808,938 ","$69,707,256 ","2,843","$2,027,059 ","$24,324,708 ","3,400",3400,"$21,550,056 ","$29,087,116 ",$713 ,"$2,902,626 ",30,"13,261","$7,105,959 ","$85,271,508 ","2,843","$2,027,059 ","$24,324,708 ","4,718",4718,"$27,016,576 ","$40,367,200 ",$713 ,"$4,028,275 ",50
143,"Miami-Fort Lauderdale-West Palm Beach, FL","209,660","$176,065,024 ","$2,112,780,288 ","47,272","$55,591,872 ","$667,102,464 ","86,878",86878,"$777,493,888 ","$1,226,017,408 ","$1,176 ","$74,177,008 ",30,"364,928","$274,942,816 ","$3,299,313,792 ","47,272","$55,591,872 ","$667,102,464 ","143,446",143446,"$1,191,491,456 ","$2,024,314,496 ","$1,176 ","$122,475,896 ",50
144,"Michigan City-La Porte, IN","2,669","$1,267,081 ","$15,204,972 ",399,"$206,682 ","$2,480,184 ",991,991,"$5,288,340 ","$6,159,877 ",$518 ,"$846,101 ",30,"5,340","$2,041,329 ","$24,495,948 ",399,"$206,682 ","$2,480,184 ","1,992",1992,"$8,491,670 ","$12,384,346 ",$518 ,"$1,701,074 ",50
145,"Midland, TX","2,130","$1,955,937 ","$23,471,244 ",637,"$582,218 ","$6,986,616 ",950,950,"$8,512,719 ","$10,422,691 ",$914 ,"$811,360 ",30,"3,805","$2,873,562 ","$34,482,744 ",637,"$582,218 ","$6,986,616 ","1,549",1549,"$12,224,097 ","$16,989,224 ",$914 ,"$1,322,536 ",50
146,"Milwaukee-Waukesha-West Allis, WI","67,757","$36,959,112 ","$443,509,344 ","11,710","$6,604,440 ","$79,253,280 ","25,516",25516,"$159,066,224 ","$172,694,624 ",$564 ,"$21,786,110 ",30,"112,306","$54,550,244 ","$654,602,928 ","11,710","$6,604,440 ","$79,253,280 ","42,599",42599,"$240,756,640 ","$288,312,192 ",$564 ,"$36,371,724 ",50
147,"Minneapolis-St. Paul-Bloomington, MN-WI","108,852","$64,160,188 ","$769,922,256 ","23,780","$21,734,920 ","$260,819,040 ","37,921",37921,"$257,143,712 ","$415,919,616 ",$914 ,"$32,377,492 ",30,"187,701","$100,750,048 ","$1,209,000,576 ","23,780","$21,734,920 ","$260,819,040 ","63,707",63707,"$402,860,224 ","$698,743,232 ",$914 ,"$54,394,052 ",50
148,"Mobile, AL","16,415","$8,850,581 ","$106,206,972 ","7,214","$4,710,742 ","$56,528,904 ","5,896",5896,"$34,296,936 ","$46,200,528 ",$653 ,"$5,034,006 ",30,"24,273","$11,479,455 ","$137,753,460 ","7,214","$4,710,742 ","$56,528,904 ","9,125",9125,"$45,835,536 ","$71,503,352 ",$653 ,"$7,791,000 ",50
149,"Modesto, CA","15,239","$10,368,702 ","$124,424,424 ","4,540","$3,100,820 ","$37,209,840 ","5,592",5592,"$42,284,668 ","$45,832,044 ",$683 ,"$4,774,507 ",30,"24,345","$14,650,420 ","$175,805,040 ","4,540","$3,100,820 ","$37,209,840 ","9,163",9163,"$61,361,928 ","$75,100,400 ",$683 ,"$7,823,509 ",50
150,"Monroe, LA","8,122","$3,666,696 ","$44,000,352 ","2,803","$1,210,896 ","$14,530,752 ","3,168",3168,"$15,368,807 ","$16,421,573 ",$432 ,"$2,704,650 ",30,"9,344","$4,011,395 ","$48,136,740 ","2,803","$1,210,896 ","$14,530,752 ","3,659",3659,"$17,034,040 ","$18,968,296 ",$432 ,"$3,124,098 ",50
151,"Monroe, MI","3,520","$1,358,161 ","$16,297,932 ",604,"$359,984 ","$4,319,808 ","1,405",1405,"$6,034,579 ","$10,046,429 ",$596 ,"$1,199,349 ",30,"6,302","$2,312,155 ","$27,745,860 ",604,"$359,984 ","$4,319,808 ","2,535",2535,"$10,633,735 ","$18,132,378 ",$596 ,"$2,164,654 ",50
152,"Montgomery, AL","13,800","$7,211,265 ","$86,535,180 ","3,513","$2,055,105 ","$24,661,260 ","5,186",5186,"$27,245,146 ","$36,408,812 ",$585 ,"$4,428,235 ",30,"21,569","$10,003,855 ","$120,046,260 ","3,513","$2,055,105 ","$24,661,260 ","8,224",8224,"$39,291,212 ","$57,733,544 ",$585 ,"$7,021,863 ",50
153,"Morgantown, WV","5,936","$4,246,239 ","$50,954,868 ",779,"$401,185 ","$4,814,220 ","2,086",2086,"$15,613,441 ","$12,889,056 ",$515 ,"$1,780,713 ",30,"8,658","$5,197,522 ","$62,370,264 ",779,"$401,185 ","$4,814,220 ","3,087",3087,"$19,680,712 ","$19,078,116 ",$515 ,"$2,635,775 ",50
154,"Muncie, IN","6,062","$3,170,139 ","$38,041,668 ","1,124","$531,652 ","$6,379,824 ","2,103",2103,"$12,420,062 ","$11,936,330 ",$473 ,"$1,795,518 ",30,"8,522","$3,879,163 ","$46,549,956 ","1,124","$531,652 ","$6,379,824 ","3,017",3017,"$15,420,528 ","$17,121,814 ",$473 ,"$2,575,542 ",50
155,"Muskegon, MI","4,758","$1,987,133 ","$23,845,596 ",979,"$568,799 ","$6,825,588 ","1,737",1737,"$8,043,366 ","$12,107,952 ",$581 ,"$1,482,773 ",30,"7,487","$2,784,681 ","$33,416,172 ",979,"$568,799 ","$6,825,588 ","2,832",2832,"$11,864,542 ","$19,744,570 ",$581 ,"$2,417,974 ",50
156,"Myrtle Beach-Conway-North Myrtle Beach, SC-NC","10,192","$5,720,278 ","$68,643,336 ","1,857","$1,266,474 ","$15,197,688 ","4,080",4080,"$23,454,710 ","$33,393,128 ",$682 ,"$3,483,796 ",30,"15,156","$8,046,627 ","$96,559,524 ","1,857","$1,266,474 ","$15,197,688 ","6,105",6105,"$34,301,368 ","$49,962,664 ",$682 ,"$5,212,442 ",50
157,"Napa, CA","2,901","$2,368,708 ","$28,424,496 ","1,404","$1,402,596 ","$16,831,152 ","1,289",1289,"$10,656,029 ","$15,453,310 ",$999 ,"$1,100,617 ",30,"5,692","$4,438,830 ","$53,265,960 ","1,404","$1,402,596 ","$16,831,152 ","2,258",2258,"$19,299,140 ","$27,072,430 ",$999 ,"$1,928,154 ",50
158,"Naples-Immokalee-Marco Island, FL","6,741","$6,108,285 ","$73,299,420 ",453,"$404,076 ","$4,848,912 ","2,591",2591,"$26,990,302 ","$27,730,648 ",$892 ,"$2,211,949 ",30,"12,459","$9,499,154 ","$113,989,848 ",453,"$404,076 ","$4,848,912 ","4,808",4808,"$42,312,568 ","$51,460,432 ",$892 ,"$4,104,768 ",50
159,"Nashville-Davidson--Murfreesboro--Franklin, TN","55,407","$32,248,746 ","$386,984,952 ","11,151","$8,006,418 ","$96,077,016 ","20,470",20470,"$128,360,704 ","$176,365,440 ",$718 ,"$17,477,086 ",30,"94,054","$49,018,196 ","$588,218,352 ","11,151","$8,006,418 ","$96,077,016 ","34,541",34541,"$198,302,608 ","$297,604,064 ",$718 ,"$29,491,334 ",50
160,"New Haven-Milford, CT","40,289","$26,812,672 ","$321,752,064 ","15,408","$15,315,552 ","$183,786,624 ","15,364",15364,"$112,064,864 ","$183,257,952 ",$994 ,"$13,117,662 ",30,"63,934","$38,391,952 ","$460,703,424 ","15,408","$15,315,552 ","$183,786,624 ","24,238",24238,"$161,909,904 ","$289,105,888 ",$994 ,"$20,694,288 ",50
161,"New Orleans-Metairie, LA","49,590","$32,110,768 ","$385,329,216 ","27,196","$22,763,052 ","$273,156,624 ","18,436",18436,"$124,472,608 ","$185,167,600 ",$837 ,"$15,740,536 ",30,"74,712","$42,758,408 ","$513,100,896 ","27,196","$22,763,052 ","$273,156,624 ","28,272",28272,"$170,414,336 ","$283,961,216 ",$837 ,"$24,138,684 ",50
162,"New York-Newark-Jersey City, NY-NJ-PA","959,208","$770,196,032 ","$9,242,352,384 ","251,284","$279,679,092 ","$3,356,149,104 ","341,333",341333,"$2,958,054,912 ","$4,558,839,808 ","$1,113 ","$291,433,280 ",30,"1,485,248","$1,104,862,848 ","$13,258,354,176 ","251,284","$279,679,092 ","$3,356,149,104 ","514,343",514343,"$4,217,782,016 ","$6,869,571,072 ","$1,113 ","$439,151,584 ",50
163,"Niles-Benton Harbor, MI","5,567","$2,493,469 ","$29,921,628 ",837,"$430,218 ","$5,162,616 ","2,057",2057,"$10,084,997 ","$12,689,536 ",$514 ,"$1,756,559 ",30,"9,015","$3,504,027 ","$42,048,324 ",837,"$430,218 ","$5,162,616 ","3,384",3384,"$14,556,569 ","$20,869,542 ",$514 ,"$2,888,882 ",50
164,"North Port-Sarasota-Bradenton, FL","12,801","$10,628,579 ","$127,542,948 ","3,241","$2,997,925 ","$35,975,100 ","5,343",5343,"$47,808,708 ","$59,308,616 ",$925 ,"$4,562,008 ",30,"24,621","$17,923,696 ","$215,084,352 ","3,241","$2,997,925 ","$35,975,100 ","10,231",10231,"$83,647,504 ","$113,566,272 ",$925 ,"$8,735,498 ",50
165,"Norwich-New London, CT","9,133","$4,964,045 ","$59,568,540 ","1,369","$1,274,539 ","$15,294,468 ","3,520",3520,"$20,348,046 ","$39,323,904 ",$931 ,"$3,005,294 ",30,"16,093","$7,936,324 ","$95,235,888 ","1,369","$1,274,539 ","$15,294,468 ","6,114",6114,"$32,832,240 ","$68,302,224 ",$931 ,"$5,219,936 ",50
166,"Ocala, FL","7,244","$4,429,928 ","$53,159,136 ","1,392","$814,320 ","$9,771,840 ","2,816",2816,"$17,397,188 ","$19,770,454 ",$585 ,"$2,404,589 ",30,"9,304","$5,569,107 ","$66,829,284 ","1,392","$814,320 ","$9,771,840 ","3,807",3807,"$23,383,328 ","$26,728,476 ",$585 ,"$3,250,861 ",50
167,"Ocean City, NJ","2,646","$1,794,205 ","$21,530,460 ",359,"$322,741 ","$3,872,892 ","1,067",1067,"$7,455,010 ","$11,511,862 ",$899 ,"$911,100 ",30,"4,745","$3,000,329 ","$36,003,948 ",359,"$322,741 ","$3,872,892 ","1,945",1945,"$12,627,908 ","$20,986,006 ",$899 ,"$1,660,925 ",50
168,"Odessa, TX","3,063","$1,833,135 ","$21,997,620 ","1,037","$956,114 ","$11,473,368 ","1,132",1132,"$6,895,877 ","$12,523,305 ",$922 ,"$966,425 ",30,"5,347","$2,869,549 ","$34,434,588 ","1,037","$956,114 ","$11,473,368 ","1,983",1983,"$11,176,826 ","$21,943,782 ",$922 ,"$1,693,404 ",50
169,"Ogden-Clearfield, UT","9,196","$4,728,784 ","$56,745,408 ","2,570","$1,655,080 ","$19,860,960 ","3,462",3462,"$19,678,836 ","$26,753,050 ",$644 ,"$2,955,748 ",30,"16,713","$7,717,693 ","$92,612,316 ","2,570","$1,655,080 ","$19,860,960 ","6,014",6014,"$31,262,224 ","$46,477,460 ",$644 ,"$5,134,954 ",50
170,"Oklahoma City, OK","44,881","$23,082,458 ","$276,989,496 ","13,078","$7,349,836 ","$88,198,032 ","13,710",13710,"$76,969,416 ","$92,462,960 ",$562 ,"$11,706,080 ",30,"77,017","$34,254,420 ","$411,053,040 ","13,078","$7,349,836 ","$88,198,032 ","23,785",23785,"$117,901,760 ","$160,405,344 ",$562 ,"$20,307,784 ",50
171,"Olympia-Tumwater, WA","7,254","$5,569,805 ","$66,837,660 ","2,178","$1,768,536 ","$21,222,432 ","2,597",2597,"$22,611,504 ","$25,302,222 ",$812 ,"$2,217,087 ",30,"13,510","$8,716,259 ","$104,595,108 ","2,178","$1,768,536 ","$21,222,432 ","4,874",4874,"$36,049,884 ","$47,487,564 ",$812 ,"$4,161,059 ",50
172,"Omaha-Council Bluffs, NE-IA","32,844","$17,649,512 ","$211,794,144 ","7,711","$5,143,237 ","$61,718,844 ","12,369",12369,"$75,914,512 ","$98,999,944 ",$667 ,"$10,560,612 ",30,"57,802","$27,285,466 ","$327,425,592 ","7,711","$5,143,237 ","$61,718,844 ","21,330",21330,"$117,136,040 ","$170,726,896 ",$667 ,"$18,211,936 ",50
173,"Orlando-Kissimmee-Sanford, FL","61,059","$50,568,576 ","$606,822,912 ","6,829","$7,450,439 ","$89,405,268 ","21,863",21863,"$200,721,552 ","$286,229,344 ","$1,091 ","$18,666,780 ",30,"106,339","$75,544,936 ","$906,539,232 ","6,829","$7,450,439 ","$89,405,268 ","38,201",38201,"$304,354,784 ","$500,128,864 ","$1,091 ","$32,616,486 ",50
174,"Oshkosh-Neenah, WI","5,573","$2,199,156 ","$26,389,872 ",510,"$217,260 ","$2,607,120 ","1,995",1995,"$8,684,704 ","$10,200,753 ",$426 ,"$1,703,737 ",30,"10,397","$3,660,018 ","$43,920,216 ",510,"$217,260 ","$2,607,120 ","3,894",3894,"$15,134,367 ","$19,906,628 ",$426 ,"$3,324,820 ",50
175,"Owensboro, KY","3,976","$1,700,982 ","$20,411,784 ",465,"$209,250 ","$2,511,000 ","1,485",1485,"$6,924,939 ","$8,020,327 ",$450 ,"$1,268,118 ",30,"5,952","$2,346,030 ","$28,152,360 ",465,"$209,250 ","$2,511,000 ","2,255",2255,"$9,820,457 ","$12,176,307 ",$450 ,"$1,925,232 ",50
176,"Oxnard-Thousand Oaks-Ventura, CA","20,056","$19,148,018 ","$229,776,216 ","7,092","$8,063,604 ","$96,763,248 ","5,591",5591,"$58,040,488 ","$76,280,152 ","$1,137 ","$4,773,436 ",30,"37,289","$32,674,904 ","$392,098,848 ","7,092","$8,063,604 ","$96,763,248 ","9,844",9844,"$97,006,464 ","$134,314,256 ","$1,137 ","$8,405,077 ",50
177,"Palm Bay-Melbourne-Titusville, FL","10,550","$7,025,035 ","$84,300,420 ","2,953","$2,264,951 ","$27,179,412 ","4,220",4220,"$29,697,398 ","$38,838,644 ",$767 ,"$3,602,871 ",30,"18,874","$10,918,009 ","$131,016,108 ","2,953","$2,264,951 ","$27,179,412 ","7,647",7647,"$47,862,352 ","$70,380,392 ",$767 ,"$6,528,844 ",50
178,"Parkersburg-Vienna, WV","3,217","$1,408,211 ","$16,898,532 ","1,189","$576,665 ","$6,919,980 ","1,255",1255,"$5,325,386 ","$7,302,050 ",$485 ,"$1,071,231 ",30,"4,731","$1,794,499 ","$21,533,988 ","1,189","$576,665 ","$6,919,980 ","1,887",1887,"$7,110,113 ","$10,983,574 ",$485 ,"$1,611,321 ",50
179,"Pensacola-Ferry Pass-Brent, FL","10,760","$6,620,841 ","$79,450,092 ","2,699","$1,935,183 ","$23,222,196 ","4,110",4110,"$27,411,228 ","$35,363,616 ",$717 ,"$3,509,276 ",30,"18,828","$9,491,585 ","$113,899,020 ","2,699","$1,935,183 ","$23,222,196 ","7,302",7302,"$39,849,464 ","$62,828,020 ",$717 ,"$6,234,681 ",50
180,"Philadelphia-Camden-Wilmington, PA-NJ-DE-MD","212,868","$149,570,944 ","$1,794,851,328 ","48,811","$38,951,178 ","$467,414,136 ","49,679",49679,"$379,912,704 ","$475,721,920 ",$798 ,"$42,416,052 ",30,"331,602","$208,681,520 ","$2,504,178,240 ","48,811","$38,951,178 ","$467,414,136 ","77,169",77169,"$539,655,104 ","$738,965,888 ",$798 ,"$65,887,264 ",50
181,"Phoenix-Mesa-Scottsdale, AZ","116,605","$81,232,840 ","$974,794,080 ","14,675","$13,266,200 ","$159,194,400 ","51,142",51142,"$391,617,952 ","$554,786,368 ",$904 ,"$43,665,388 ",30,"193,630","$117,375,048 ","$1,408,500,576 ","14,675","$13,266,200 ","$159,194,400 ","85,178",85178,"$577,220,672 ","$924,015,296 ",$904 ,"$72,726,168 ",50
182,"Pittsburgh, PA","79,008","$38,183,632 ","$458,203,584 ","20,645","$11,912,165 ","$142,945,980 ","25,236",25236,"$127,653,240 ","$174,730,640 ",$577 ,"$21,546,328 ",30,"130,422","$57,592,104 ","$691,105,248 ","20,645","$11,912,165 ","$142,945,980 ","42,120",42120,"$200,804,912 ","$291,641,472 ",$577 ,"$35,962,796 ",50
183,"Pittsfield, MA","5,655","$2,776,191 ","$33,314,292 ","1,882","$1,099,088 ","$13,189,056 ","2,211",2211,"$11,562,166 ","$15,492,039 ",$584 ,"$1,887,451 ",30,"8,632","$3,708,450 ","$44,501,400 ","1,882","$1,099,088 ","$13,189,056 ","3,423",3423,"$15,836,455 ","$23,991,094 ",$584 ,"$2,922,922 ",50
184,"Port St. Lucie, FL","8,745","$6,034,381 ","$72,412,572 ",938,"$663,166 ","$7,957,992 ","3,311",3311,"$25,650,222 ","$28,091,456 ",$707 ,"$2,827,059 ",30,"14,244","$9,221,425 ","$110,657,100 ",938,"$663,166 ","$7,957,992 ","5,628",5628,"$41,231,328 ","$47,745,540 ",$707 ,"$4,805,000 ",50
185,"Portland-South Portland, ME","12,537","$6,663,973 ","$79,967,676 ","5,865","$5,131,875 ","$61,582,500 ","5,027",5027,"$27,410,806 ","$52,786,708 ",$875 ,"$4,292,364 ",30,"21,883","$10,405,809 ","$124,869,708 ","5,865","$5,131,875 ","$61,582,500 ","8,921",8921,"$44,785,516 ","$93,669,080 ",$875 ,"$7,616,724 ",50
186,"Portland-Vancouver-Hillsboro, OR-WA","70,484","$53,738,372 ","$644,860,464 ","21,748","$19,877,672 ","$238,532,064 ","27,201",27201,"$232,604,432 ","$298,336,704 ",$914 ,"$23,224,186 ",30,"126,168","$83,611,576 ","$1,003,338,912 ","21,748","$19,877,672 ","$238,532,064 ","47,703",47703,"$361,676,032 ","$523,206,560 ",$914 ,"$40,729,300 ",50
187,"Prescott, AZ","5,840","$3,596,142 ","$43,153,704 ",, $-   ,#VALUE!,"2,413",2413,"$16,919,296 ", $-   ,,"$2,059,907 ",30,"9,820","$5,197,074 ","$62,364,888 ",, $-   ,#VALUE!,"4,216",4216,"$24,851,898 ", $-   ,,"$3,599,336 ",50
188,"Providence-Warwick, RI-MA","69,927","$35,752,560 ","$429,030,720 ","17,965","$14,497,755 ","$173,973,060 ","27,653",27653,"$151,301,424 ","$267,794,720 ",$807 ,"$23,610,678 ",30,"111,393","$53,991,068 ","$647,892,816 ","17,965","$14,497,755 ","$173,973,060 ","43,957",43957,"$234,542,448 ","$425,680,064 ",$807 ,"$37,530,968 ",50
189,"Provo-Orem, UT","10,650","$7,363,760 ","$88,365,120 ","1,962","$1,314,540 ","$15,774,480 ","3,717",3717,"$28,993,560 ","$29,881,760 ",$670 ,"$3,173,302 ",30,"19,907","$11,111,734 ","$133,340,808 ","1,962","$1,314,540 ","$15,774,480 ","6,732",6732,"$44,098,656 ","$54,122,664 ",$670 ,"$5,747,571 ",50
190,"Pueblo, CO","7,343","$3,760,331 ","$45,123,972 ","1,985","$1,282,310 ","$15,387,720 ","2,652",2652,"$14,859,366 ","$20,560,238 ",$646 ,"$2,264,517 ",30,"10,742","$4,865,558 ","$58,386,696 ","1,985","$1,282,310 ","$15,387,720 ","4,017",4017,"$20,010,472 ","$31,137,916 ",$646 ,"$3,429,549 ",50
191,"Punta Gorda, FL","2,386","$1,759,209 ","$21,110,508 ",311,"$226,097 ","$2,713,164 ","1,008",1008,"$7,849,959 ","$8,793,494 ",$727 ,"$860,611 ",30,"4,250","$2,693,964 ","$32,327,568 ",311,"$226,097 ","$2,713,164 ","1,885",1885,"$12,946,324 ","$16,441,103 ",$727 ,"$1,609,076 ",50
192,"Racine, WI","6,437","$3,460,630 ","$41,527,560 ","1,703","$917,917 ","$11,015,004 ","2,374",2374,"$14,728,524 ","$15,352,088 ",$539 ,"$2,026,556 ",30,"11,586","$5,248,058 ","$62,976,696 ","1,703","$917,917 ","$11,015,004 ","4,346",4346,"$22,763,982 ","$28,111,934 ",$539 ,"$3,710,923 ",50
193,"Raleigh, NC","38,815","$23,013,386 ","$276,160,632 ","5,300","$3,837,200 ","$46,046,400 ","14,672",14672,"$94,516,632 ","$127,466,816 ",$724 ,"$12,526,754 ",30,"70,338","$36,548,820 ","$438,585,840 ","5,300","$3,837,200 ","$46,046,400 ","25,856",25856,"$150,404,080 ","$224,636,080 ",$724 ,"$22,076,026 ",50
194,"Reading, PA","11,350","$5,934,351 ","$71,212,212 ","1,313","$919,100 ","$11,029,200 ","4,226",4226,"$24,507,282 ","$35,499,400 ",$700 ,"$3,608,303 ",30,"19,419","$8,964,066 ","$107,568,792 ","1,313","$919,100 ","$11,029,200 ","7,499",7499,"$38,411,428 ","$62,994,288 ",$700 ,"$6,402,995 ",50
195,"Redding, CA","6,056","$3,544,262 ","$42,531,144 ","2,401","$1,164,485 ","$13,973,820 ","2,302",2302,"$14,789,253 ","$13,399,921 ",$485 ,"$1,965,805 ",30,"9,367","$5,099,574 ","$61,194,888 ","2,401","$1,164,485 ","$13,973,820 ","3,673",3673,"$22,290,612 ","$21,379,398 ",$485 ,"$3,136,416 ",50
196,"Reno, NV","14,174","$8,333,493 ","$100,001,916 ","2,830","$1,794,220 ","$21,530,640 ","5,407",5407,"$35,491,928 ","$41,135,924 ",$634 ,"$4,616,491 ",30,"25,989","$13,228,169 ","$158,738,028 ","2,830","$1,794,220 ","$21,530,640 ","9,826",9826,"$56,834,216 ","$74,757,472 ",$634 ,"$8,389,679 ",50
197,"Richmond, VA","38,661","$24,781,736 ","$297,380,832 ","7,726","$5,840,856 ","$70,090,272 ","14,529",14529,"$103,047,016 ","$131,803,192 ",$756 ,"$12,404,639 ",30,"65,955","$37,096,200 ","$445,154,400 ","7,726","$5,840,856 ","$70,090,272 ","24,853",24853,"$155,837,552 ","$225,469,856 ",$756 ,"$21,220,064 ",50
198,"Riverside-San Bernardino-Ontario, CA","111,592","$88,475,248 ","$1,061,702,976 ","21,077","$17,409,602 ","$208,915,224 ","40,788",40788,"$354,866,208 ","$404,291,520 ",$826 ,"$34,825,276 ",30,"177,623","$126,505,096 ","$1,518,061,152 ","21,077","$17,409,602 ","$208,915,224 ","66,096",66096,"$519,444,512 ","$655,140,224 ",$826 ,"$56,433,140 ",50
199,"Roanoke, VA","11,472","$5,510,895 ","$66,130,740 ","2,285","$1,434,980 ","$17,219,760 ","4,196",4196,"$22,544,200 ","$31,621,580 ",$628 ,"$3,582,646 ",30,"17,382","$7,746,015 ","$92,952,180 ","2,285","$1,434,980 ","$17,219,760 ","6,584",6584,"$33,241,664 ","$49,615,208 ",$628 ,"$5,621,280 ",50
200,"Rochester, NY","41,586","$22,588,912 ","$271,066,944 ","13,515","$8,960,445 ","$107,525,340 ","15,341",15341,"$93,079,744 ","$122,054,240 ",$663 ,"$13,098,433 ",30,"66,749","$32,674,112 ","$392,089,344 ","13,515","$8,960,445 ","$107,525,340 ","25,268",25268,"$140,794,256 ","$201,034,512 ",$663 ,"$21,574,318 ",50
201,"Rockford, IL","11,638","$5,556,478 ","$66,677,736 ","3,056","$1,509,664 ","$18,115,968 ","4,174",4174,"$21,510,528 ","$24,745,086 ",$494 ,"$3,564,036 ",30,"18,047","$7,981,882 ","$95,782,584 ","3,056","$1,509,664 ","$18,115,968 ","6,761",6761,"$33,410,128 ","$40,076,708 ",$494 ,"$5,772,250 ",50
202,"Rocky Mount, NC","5,605","$2,200,552 ","$26,406,624 ",893,"$412,566 ","$4,950,792 ","2,391",2391,"$9,178,223 ","$13,256,747 ",$462 ,"$2,041,620 ",30,"7,629","$2,780,640 ","$33,367,680 ",893,"$412,566 ","$4,950,792 ","3,326",3326,"$12,056,906 ","$18,436,706 ",$462 ,"$2,839,366 ",50
203,"Sacramento--Roseville--Arden-Arcade, CA","77,103","$60,616,944 ","$727,403,328 ","15,668","$13,991,524 ","$167,898,288 ","33,672",33672,"$291,597,504 ","$360,827,520 ",$893 ,"$28,749,360 ",30,"127,757","$87,677,496 ","$1,052,129,952 ","15,668","$13,991,524 ","$167,898,288 ","55,242",55242,"$426,241,536 ","$591,972,608 ",$893 ,"$47,166,120 ",50
204,"Saginaw, MI","6,788","$3,041,814 ","$36,501,768 ","2,018","$986,802 ","$11,841,624 ","2,441",2441,"$11,869,623 ","$14,324,310 ",$489 ,"$2,084,226 ",30,"9,468","$3,897,768 ","$46,773,216 ","2,018","$986,802 ","$11,841,624 ","3,454",3454,"$15,755,355 ","$20,269,784 ",$489 ,"$2,949,309 ",50
205,"Salinas, CA","12,521","$10,533,889 ","$126,406,668 ","4,545","$5,090,400 ","$61,084,800 ","4,674",4674,"$42,955,336 ","$62,818,440 ","$1,120 ","$3,990,700 ",30,"24,189","$18,156,510 ","$217,878,120 ","4,545","$5,090,400 ","$61,084,800 ","8,652",8652,"$73,038,680 ","$116,289,184 ","$1,120 ","$7,387,565 ",50
206,"Salisbury, MD-DE","9,390","$5,397,635 ","$64,771,620 ","1,451","$1,049,073 ","$12,588,876 ","3,580",3580,"$21,570,908 ","$31,062,022 ",$723 ,"$3,056,831 ",30,"16,304","$8,424,465 ","$101,093,580 ","1,451","$1,049,073 ","$12,588,876 ","6,314",6314,"$34,236,416 ","$54,784,008 ",$723 ,"$5,391,325 ",50
207,"Salt Lake City, UT","23,189","$14,341,856 ","$172,102,272 ","6,464","$5,184,128 ","$62,209,536 ","8,637",8637,"$58,031,120 ","$83,118,232 ",$802 ,"$7,373,980 ",30,"40,406","$22,061,160 ","$264,733,920 ","6,464","$5,184,128 ","$62,209,536 ","14,817",14817,"$89,739,272 ","$142,599,984 ",$802 ,"$12,651,007 ",50
208,"San Angelo, TX","2,623","$1,214,885 ","$14,578,620 ",832,"$457,600 ","$5,491,200 ","1,017",1017,"$4,690,075 ","$6,709,909 ",$550 ,"$868,028 ",30,"4,711","$2,043,031 ","$24,516,372 ",832,"$457,600 ","$5,491,200 ","1,862",1862,"$8,233,819 ","$12,292,202 ",$550 ,"$1,590,183 ",50
209,"San Antonio-New Braunfels, TX","63,799","$36,342,288 ","$436,107,456 ","16,965","$11,213,865 ","$134,566,380 ","23,902",23902,"$144,548,352 ","$189,590,272 ",$661 ,"$20,407,724 ",30,"104,137","$53,050,300 ","$636,603,600 ","16,965","$11,213,865 ","$134,566,380 ","38,488",38488,"$212,875,744 ","$305,287,712 ",$661 ,"$32,861,532 ",50
210,"San Diego-Carlsbad, CA","120,285","$117,922,200 ","$1,415,066,400 ","31,412","$30,595,288 ","$367,143,456 ","58,069",58069,"$631,116,992 ","$678,713,920 ",$974 ,"$49,580,140 ",30,"212,827","$186,366,096 ","$2,236,393,152 ","31,412","$30,595,288 ","$367,143,456 ","99,067",99067,"$984,831,104 ","$1,157,896,064 ",$974 ,"$84,584,472 ",50
211,"San Francisco-Oakland-Hayward, CA","175,883","$164,242,240 ","$1,970,906,880 ","56,721","$104,253,198 ","$1,251,038,376 ","38,584",38584,"$387,844,672 ","$851,019,648 ","$1,838 ","$32,943,826 ",30,"276,025","$243,526,096 ","$2,922,313,152 ","56,721","$104,253,198 ","$1,251,038,376 ","58,093",58093,"$568,197,120 ","$1,281,308,672 ","$1,838 ","$49,600,748 ",50
212,"San Jose-Sunnyvale-Santa Clara, CA","41,956","$48,313,968 ","$579,767,616 ","18,977","$35,809,599 ","$429,715,188 ","17,536",17536,"$217,972,064 ","$397,080,448 ","$1,887 ","$14,972,234 ",30,"72,864","$77,804,696 ","$933,656,352 ","18,977","$35,809,599 ","$429,715,188 ","28,759",28759,"$340,669,792 ","$651,225,216 ","$1,887 ","$24,554,964 ",50
213,"San Luis Obispo-Paso Robles-Arroyo Grande, CA","9,329","$9,606,548 ","$115,278,576 ","2,423","$2,350,310 ","$28,203,720 ","3,412",3412,"$40,207,760 ","$39,712,968 ",$970 ,"$2,913,001 ",30,"15,156","$13,610,858 ","$163,330,296 ","2,423","$2,350,310 ","$28,203,720 ","5,535",5535,"$57,595,388 ","$64,425,804 ",$970 ,"$4,725,721 ",50
214,"Santa Cruz-Watsonville, CA","12,259","$12,771,853 ","$153,262,236 ","4,854","$7,732,422 ","$92,789,064 ","4,658",4658,"$52,938,604 ","$89,040,688 ","$1,593 ","$3,976,974 ",30,"18,804","$17,245,988 ","$206,951,856 ","4,854","$7,732,422 ","$92,789,064 ","7,153",7153,"$73,954,784 ","$136,738,240 ","$1,593 ","$6,107,370 ",50
215,"Santa Fe, NM","3,492","$2,072,698 ","$24,872,376 ","1,109","$784,063 ","$9,408,756 ","1,445",1445,"$9,229,788 ","$12,259,714 ",$707 ,"$1,233,789 ",30,"6,007","$3,308,477 ","$39,701,724 ","1,109","$784,063 ","$9,408,756 ","2,417",2417,"$14,564,141 ","$20,506,832 ",$707 ,"$2,063,760 ",50
216,"Santa Maria-Santa Barbara, CA","17,236","$15,837,556 ","$190,050,672 ","6,845","$8,864,275 ","$106,371,300 ","6,709",6709,"$71,526,992 ","$104,263,456 ","$1,295 ","$5,728,519 ",30,"30,890","$25,382,596 ","$304,591,152 ","6,845","$8,864,275 ","$106,371,300 ","11,801",11801,"$114,273,328 ","$183,385,632 ","$1,295 ","$10,075,707 ",50
217,"Santa Rosa, CA","13,896","$12,565,715 ","$150,788,580 ","4,930","$5,930,790 ","$71,169,480 ","5,848",5848,"$55,648,440 ","$84,421,504 ","$1,203 ","$4,993,068 ",30,"26,069","$20,609,116 ","$247,309,392 ","4,930","$5,930,790 ","$71,169,480 ","10,491",10491,"$90,297,856 ","$151,443,920 ","$1,203 ","$8,957,074 ",50
218,"Scranton--Wilkes-Barre--Hazleton, PA","17,773","$8,663,700 ","$103,964,400 ","5,039","$2,625,319 ","$31,503,828 ","6,843",6843,"$35,463,808 ","$42,781,912 ",$521 ,"$5,842,551 ",30,"27,601","$12,028,708 ","$144,344,496 ","5,039","$2,625,319 ","$31,503,828 ","11,128",11128,"$51,447,844 ","$69,574,432 ",$521 ,"$9,501,495 ",50
219,"Seattle-Tacoma-Bellevue, WA","126,070","$100,730,168 ","$1,208,762,016 ","37,481","$41,191,619 ","$494,299,428 ","62,550",62550,"$542,189,952 ","$824,912,256 ","$1,099 ","$53,406,000 ",30,"221,162","$156,769,952 ","$1,881,239,424 ","37,481","$41,191,619 ","$494,299,428 ","105,696",105696,"$837,852,224 ","$1,393,917,312 ","$1,099 ","$90,244,200 ",50
220,"Sebastian-Vero Beach, FL","2,189","$1,434,639 ","$17,215,668 ",389,"$214,339 ","$2,572,068 ",912,912,"$6,655,012 ","$6,029,646 ",$551 ,"$778,610 ",30,"4,451","$2,299,174 ","$27,590,088 ",389,"$214,339 ","$2,572,068 ","1,862",1862,"$10,869,450 ","$12,314,825 ",$551 ,"$1,590,218 ",50
221,"Sheboygan, WI","2,375","$976,858 ","$11,722,296 ",361,"$178,334 ","$2,140,008 ",881,881,"$4,043,938 ","$5,225,507 ",$494 ,"$752,630 ",30,"5,642","$1,880,982 ","$22,571,784 ",361,"$178,334 ","$2,140,008 ","2,241",2241,"$8,406,584 ","$13,284,459 ",$494 ,"$1,913,361 ",50
222,"Shreveport-Bossier City, LA","19,304","$8,965,757 ","$107,589,084 ","5,036","$2,598,576 ","$31,182,912 ","7,195",7195,"$34,926,676 ","$44,550,772 ",$516 ,"$6,143,071 ",30,"26,404","$11,586,098 ","$139,033,176 ","5,036","$2,598,576 ","$31,182,912 ","10,102",10102,"$46,786,408 ","$62,554,232 ",$516 ,"$8,625,554 ",50
223,"Spartanburg, SC","7,922","$4,154,425 ","$49,853,100 ","2,582","$1,371,042 ","$16,452,504 ","3,071",3071,"$16,864,472 ","$19,569,578 ",$531 ,"$2,622,207 ",30,"12,035","$5,453,124 ","$65,437,488 ","2,582","$1,371,042 ","$16,452,504 ","4,816",4816,"$22,980,882 ","$30,688,430 ",$531 ,"$4,112,067 ",50
224,"Spokane-Spokane Valley, WA","20,128","$10,559,443 ","$126,713,316 ","4,914","$2,604,420 ","$31,253,040 ","7,416",7416,"$42,150,964 ","$47,165,424 ",$530 ,"$6,331,811 ",30,"32,510","$14,895,194 ","$178,742,328 ","4,914","$2,604,420 ","$31,253,040 ","12,328",12328,"$61,846,128 ","$78,406,800 ",$530 ,"$10,525,866 ",50
225,"Springfield, IL","7,656","$3,847,446 ","$46,169,352 ","2,491","$1,392,469 ","$16,709,628 ","2,770",2770,"$15,213,798 ","$18,581,100 ",$559 ,"$2,365,046 ",30,"12,268","$5,555,437 ","$66,665,244 ","2,491","$1,392,469 ","$16,709,628 ","4,548",4548,"$22,985,976 ","$30,510,324 ",$559 ,"$3,883,426 ",50
226,"Springfield, MA","30,968","$15,054,918 ","$180,659,016 ","12,843","$7,872,759 ","$94,473,108 ","11,935",11935,"$63,097,424 ","$87,790,504 ",$613 ,"$10,189,832 ",30,"47,401","$22,232,614 ","$266,791,368 ","12,843","$7,872,759 ","$94,473,108 ","17,937",17937,"$94,281,224 ","$131,944,816 ",$613 ,"$15,314,818 ",50
227,"Springfield, MO","15,121","$7,070,813 ","$84,849,756 ","1,316","$515,872 ","$6,190,464 ","5,419",5419,"$28,063,994 ","$25,490,738 ",$392 ,"$4,626,754 ",30,"25,479","$10,047,817 ","$120,573,804 ","1,316","$515,872 ","$6,190,464 ","9,445",9445,"$41,275,824 ","$44,431,176 ",$392 ,"$8,064,580 ",50
228,"Springfield, OH","4,175","$1,797,503 ","$21,570,036 ","1,309","$579,887 ","$6,958,644 ","1,521",1521,"$7,449,820 ","$8,084,911 ",$443 ,"$1,298,529 ",30,"7,354","$2,747,219 ","$32,966,628 ","1,309","$579,887 ","$6,958,644 ","2,860",2860,"$11,923,522 ","$15,206,227 ",$443 ,"$2,442,293 ",50
229,"St. George, UT","2,702","$1,757,081 ","$21,084,972 ",254,"$164,592 ","$1,975,104 ","1,088",1088,"$7,320,872 ","$8,463,982 ",$648 ,"$929,351 ",30,"4,565","$2,458,078 ","$29,496,936 ",254,"$164,592 ","$1,975,104 ","1,818",1818,"$10,262,222 ","$14,135,949 ",$648 ,"$1,552,137 ",50
230,"St. Joseph, MO-KS","3,513","$1,500,004 ","$18,000,048 ","1,144","$520,520 ","$6,246,240 ","1,291",1291,"$5,850,210 ","$7,050,991 ",$455 ,"$1,102,602 ",30,"6,023","$2,229,192 ","$26,750,304 ","1,144","$520,520 ","$6,246,240 ","2,430",2430,"$9,343,761 ","$13,268,933 ",$455 ,"$2,074,936 ",50
231,"St. Louis, MO-IL","77,739","$43,056,224 ","$516,674,688 ","22,063","$13,877,627 ","$166,531,524 ","21,814",21814,"$131,458,416 ","$164,653,440 ",$629 ,"$18,625,166 ",30,"125,773","$60,693,740 ","$728,324,880 ","22,063","$13,877,627 ","$166,531,524 ","36,208",36208,"$193,661,632 ","$273,300,352 ",$629 ,"$30,915,020 ",50
232,"State College, PA","7,721","$6,278,458 ","$75,341,496 ",675,"$415,125 ","$4,981,500 ","2,800",2800,"$25,793,824 ","$20,663,538 ",$615 ,"$2,390,615 ",30,"12,447","$8,691,260 ","$104,295,120 ",675,"$415,125 ","$4,981,500 ","4,585",4585,"$35,905,392 ","$33,835,784 ",$615 ,"$3,914,543 ",50
233,"Stockton-Lodi, CA","21,060","$15,557,077 ","$186,684,924 ","5,158","$4,198,612 ","$50,383,344 ","7,589",7589,"$62,457,272 ","$74,131,432 ",$814 ,"$6,479,747 ",30,"34,353","$22,513,824 ","$270,165,888 ","5,158","$4,198,612 ","$50,383,344 ","12,577",12577,"$93,011,752 ","$122,847,848 ",$814 ,"$10,737,994 ",50
234,"Syracuse, NY","26,171","$13,931,806 ","$167,181,672 ","7,912","$4,612,696 ","$55,352,352 ","13,816",13816,"$79,838,632 ","$96,659,528 ",$583 ,"$11,796,579 ",30,"40,852","$19,329,402 ","$231,952,824 ","7,912","$4,612,696 ","$55,352,352 ","21,743",21743,"$112,675,256 ","$152,116,304 ",$583 ,"$18,564,670 ",50
235,"Tampa-St. Petersburg-Clearwater, FL","80,929","$57,266,808 ","$687,201,696 ","21,651","$17,927,028 ","$215,124,336 ","17,088",17088,"$131,772,064 ","$169,783,152 ",$828 ,"$14,589,630 ",30,"135,677","$83,184,408 ","$998,212,896 ","21,651","$17,927,028 ","$215,124,336 ","28,953",28953,"$197,307,664 ","$287,673,888 ",$828 ,"$24,720,094 ",50
236,"Toledo, OH","27,016","$12,566,553 ","$150,798,636 ","5,159","$2,894,199 ","$34,730,388 ","9,803",9803,"$49,088,420 ","$65,996,092 ",$561 ,"$8,370,191 ",30,"42,833","$17,489,086 ","$209,869,032 ","5,159","$2,894,199 ","$34,730,388 ","15,805",15805,"$70,383,424 ","$106,395,928 ",$561 ,"$13,494,044 ",50
237,"Topeka, KS","6,893","$2,756,057 ","$33,072,684 ","1,467","$601,470 ","$7,217,640 ","2,593",2593,"$11,492,392 ","$12,755,587 ",$410 ,"$2,213,587 ",30,"13,002","$5,008,063 ","$60,096,756 ","1,467","$601,470 ","$7,217,640 ","5,037",5037,"$22,841,140 ","$24,782,482 ",$410 ,"$4,300,718 ",50
238,"Trenton, NJ","15,255","$10,526,277 ","$126,315,324 ","2,401","$2,175,306 ","$26,103,672 ","5,841",5841,"$43,509,292 ","$63,506,144 ",$906 ,"$4,987,324 ",30,"23,115","$14,511,243 ","$174,134,916 ","2,401","$2,175,306 ","$26,103,672 ","8,708",8708,"$60,298,732 ","$94,674,720 ",$906 ,"$7,435,084 ",50
239,"Tucson, AZ","35,199","$20,117,012 ","$241,404,144 ","5,719","$3,705,912 ","$44,470,944 ","13,867",13867,"$88,678,120 ","$107,832,024 ",$648 ,"$11,840,028 ",30,"54,702","$27,236,688 ","$326,840,256 ","5,719","$3,705,912 ","$44,470,944 ","21,664",21664,"$121,414,856 ","$168,461,456 ",$648 ,"$18,497,180 ",50
240,"Tuscaloosa, AL","7,685","$4,248,256 ","$50,979,072 ","2,463","$1,366,965 ","$16,403,580 ","2,795",2795,"$16,472,185 ","$18,616,288 ",$555 ,"$2,386,603 ",30,"9,492","$4,893,846 ","$58,726,152 ","2,463","$1,366,965 ","$16,403,580 ","3,601",3601,"$19,256,060 ","$23,985,506 ",$555 ,"$3,074,935 ",50
241,"Tyler, TX","5,497","$3,289,055 ","$39,468,660 ","1,106","$706,734 ","$8,480,808 ","2,131",2131,"$13,207,297 ","$16,337,038 ",$639 ,"$1,819,083 ",30,"8,862","$4,470,089 ","$53,641,068 ","1,106","$706,734 ","$8,480,808 ","3,373",3373,"$18,077,972 ","$25,861,224 ",$639 ,"$2,879,574 ",50
242,"Urban Honolulu, HI","31,180","$29,153,108 ","$349,837,296 ","8,954","$11,729,740 ","$140,756,880 ","12,558",12558,"$121,146,800 ","$197,417,184 ","$1,310 ","$10,722,440 ",30,"56,450","$52,845,440 ","$634,145,280 ","8,954","$11,729,740 ","$140,756,880 ","21,682",21682,"$213,877,744 ","$340,844,224 ","$1,310 ","$18,512,480 ",50
243,"Utica-Rome, NY","9,881","$4,625,759 ","$55,509,108 ","3,687","$1,906,179 ","$22,874,148 ","3,567",3567,"$18,289,132 ","$22,128,618 ",$517 ,"$3,045,396 ",30,"15,848","$6,590,087 ","$79,081,044 ","3,687","$1,906,179 ","$22,874,148 ","6,170",6170,"$27,729,582 ","$38,276,032 ",$517 ,"$5,267,643 ",50
244,"Vallejo-Fairfield, CA","9,231","$8,431,384 ","$101,176,608 ","5,437","$5,214,083 ","$62,568,996 ","3,517",3517,"$35,711,248 ","$40,470,688 ",$959 ,"$3,002,631 ",30,"17,688","$14,343,564 ","$172,122,768 ","5,437","$5,214,083 ","$62,568,996 ","6,612",6612,"$60,411,884 ","$76,090,592 ",$959 ,"$5,645,369 ",50
245,"Virginia Beach-Norfolk-Newport News, VA-NC","52,040","$35,569,344 ","$426,832,128 ","19,789","$15,890,567 ","$190,686,804 ","19,451",19451,"$148,246,368 ","$187,431,936 ",$803 ,"$16,607,643 ",30,"87,483","$52,583,840 ","$631,006,080 ","19,789","$15,890,567 ","$190,686,804 ","32,261",32261,"$217,676,384 ","$310,870,912 ",$803 ,"$27,545,112 ",50
246,"Visalia-Porterville, CA","18,069","$9,611,608 ","$115,339,296 ","2,971","$1,366,660 ","$16,399,920 ","6,150",6150,"$36,933,512 ","$33,948,100 ",$460 ,"$5,250,947 ",30,"25,206","$12,077,022 ","$144,924,264 ","2,971","$1,366,660 ","$16,399,920 ","8,980",8980,"$47,567,984 ","$49,572,028 ",$460 ,"$7,667,589 ",50
247,"Waco, TX","10,089","$6,134,471 ","$73,613,652 ","2,329","$1,239,028 ","$14,868,336 ","3,514",3514,"$22,975,432 ","$22,436,268 ",$532 ,"$3,000,675 ",30,"13,562","$7,390,923 ","$88,691,076 ","2,329","$1,239,028 ","$14,868,336 ","4,864",4864,"$28,538,002 ","$31,052,456 ",$532 ,"$4,153,023 ",50
248,"Washington-Arlington-Alexandria, DC-VA-MD-WV","172,650","$159,831,344 ","$1,917,976,128 ","47,204","$58,155,328 ","$697,863,936 ","65,989",65989,"$659,844,800 ","$975,578,496 ","$1,232 ","$56,341,900 ",30,"293,425","$237,800,944 ","$2,853,611,328 ","47,204","$58,155,328 ","$697,863,936 ","107,875",107875,"$975,664,704 ","$1,594,819,584 ","$1,232 ","$92,104,504 ",50
249,"Wausau, WI","2,761","$1,042,454 ","$12,509,448 ",690,"$232,530 ","$2,790,360 ","1,170",1170,"$5,065,594 ","$4,732,172 ",$337 ,"$999,104 ",30,"5,676","$2,141,773 ","$25,701,276 ",690,"$232,530 ","$2,790,360 ","2,346",2346,"$10,089,068 ","$9,486,527 ",$337 ,"$2,002,891 ",50
250,"Wenatchee, WA","2,325","$1,086,032 ","$13,032,384 ",653,"$421,838 ","$5,062,056 ",917,917,"$4,631,405 ","$7,105,185 ",$646 ,"$782,569 ",30,"4,076","$1,967,392 ","$23,608,704 ",653,"$421,838 ","$5,062,056 ","1,624",1624,"$9,119,118 ","$12,589,659 ",$646 ,"$1,386,633 ",50
251,"Wichita Falls, TX","4,839","$2,271,729 ","$27,260,748 ",995,"$362,180 ","$4,346,160 ","1,813",1813,"$9,446,100 ","$7,918,322 ",$364 ,"$1,547,789 ",30,"7,191","$2,926,371 ","$35,116,452 ",995,"$362,180 ","$4,346,160 ","2,757",2757,"$12,530,236 ","$12,041,183 ",$364 ,"$2,353,682 ",50
252,"Wichita, KS","20,705","$10,098,223 ","$121,178,676 ","3,214","$1,668,066 ","$20,016,792 ","7,708",7708,"$41,436,360 ","$48,006,780 ",$519 ,"$6,581,354 ",30,"34,368","$14,760,323 ","$177,123,876 ","3,214","$1,668,066 ","$20,016,792 ","12,841",12841,"$62,517,068 ","$79,972,736 ",$519 ,"$10,963,636 ",50
253,"Wilmington, NC","11,120","$7,440,583 ","$89,286,996 ","2,312","$1,549,040 ","$18,588,480 ","4,287",4287,"$29,752,076 ","$34,465,132 ",$670 ,"$3,660,034 ",30,"18,800","$11,042,660 ","$132,511,920 ","2,312","$1,549,040 ","$18,588,480 ","7,182",7182,"$45,395,272 ","$57,741,308 ",$670 ,"$6,131,854 ",50
254,"Winston-Salem, NC","21,613","$9,845,610 ","$118,147,320 ","6,156","$3,281,148 ","$39,373,776 ","7,830",7830,"$39,490,248 ","$50,082,328 ",$533 ,"$6,685,553 ",30,"33,499","$13,867,474 ","$166,409,688 ","6,156","$3,281,148 ","$39,373,776 ","12,660",12660,"$58,422,820 ","$80,975,584 ",$533 ,"$10,809,531 ",50
255,"Worcester, MA-CT","37,790","$20,806,400 ","$249,676,800 ","8,967","$6,832,854 ","$81,994,248 ","15,161",15161,"$90,096,784 ","$138,630,272 ",$762 ,"$12,944,434 ",30,"60,913","$31,015,106 ","$372,181,272 ","8,967","$6,832,854 ","$81,994,248 ","23,938",23938,"$133,293,312 ","$218,892,016 ",$762 ,"$20,438,778 ",50
256,"Yakima, WA","7,557","$3,516,715 ","$42,200,580 ",914,"$524,636 ","$6,295,632 ","2,681",2681,"$14,015,794 ","$18,464,888 ",$574 ,"$2,288,836 ",30,"11,823","$4,939,353 ","$59,272,236 ",914,"$524,636 ","$6,295,632 ","4,246",4246,"$20,075,292 ","$29,249,712 ",$574 ,"$3,625,682 ",50
257,"York-Hanover, PA","9,638","$5,479,829 ","$65,757,948 ","1,630","$948,660 ","$11,383,920 ","3,818",3818,"$23,906,826 ","$26,666,438 ",$582 ,"$3,260,033 ",30,"17,597","$8,335,905 ","$100,030,860 ","1,630","$948,660 ","$11,383,920 ","6,819",6819,"$36,287,956 ","$47,623,180 ",$582 ,"$5,822,043 ",50
258,"Youngstown-Warren-Boardman, OH-PA","20,200","$7,622,307 ","$91,467,684 ","3,749","$1,702,046 ","$20,424,552 ","7,510",7510,"$30,891,082 ","$40,917,080 ",$454 ,"$6,412,521 ",30,"31,117","$10,600,301 ","$127,203,612 ","3,749","$1,702,046 ","$20,424,552 ","12,113",12113,"$44,483,612 ","$65,989,584 ",$454 ,"$10,341,881 ",50
259,"Yuba City, CA","5,486","$2,949,685 ","$35,396,220 ","1,223","$754,591 ","$9,055,092 ","2,109",2109,"$11,984,770 ","$15,616,764 ",$617 ,"$1,800,885 ",30,"8,665","$4,215,670 ","$50,588,040 ","1,223","$754,591 ","$9,055,092 ","3,355",3355,"$17,631,120 ","$24,839,148 ",$617 ,"$2,864,386 ",50
260,"Yuma, AZ","6,087","$2,687,554 ","$32,250,648 ","1,840","$999,120 ","$11,989,440 ","2,254",2254,"$10,874,220 ","$14,685,325 ",$543 ,"$1,924,260 ",30,"7,260","$3,047,096 ","$36,565,152 ","1,840","$999,120 ","$11,989,440 ","2,849",2849,"$12,683,139 ","$18,562,170 ",$543 ,"$2,432,254 ",50
